,display,break,index,full_sentence,cloze_probability,dataset,CoRT_mean,CoRT_std,CoRT_descript,target_word,random_word,word_count,cloze_descript,condition_name,sampled,answer,last_word,hand,iti_dur,start_time,trial_dur,ShowProgressBar,block_num,iti_dur_ms,trial_dur_ms,randomise_blocks
0,instructions,,,,,,,,,,,,,,,,,,,,,,,,,
1,trial,,0.0,Timothy|was|hesitant|when|he|had|to|make|a,0.4,peele,1.25,0.5,strong non-CoRT,decision,heat,9.0,low cloze,hard,False,True,decision,right,0.5,157.5,7.0,1.0,0.0,500.0,7000.0,0.0
2,trial,,1.0,"After|the|mother|left,|the|baby|began|to|loudly",0.75,peele,4.333333333333333,0.8164965809277259,strong CoRT,cry,diet,9.0,high cloze,easy,False,True,cry,right,0.5,0.0,7.0,1.0,0.0,500.0,7000.0,0.0
3,trial,,2.0,"To|finish|seasoning|the|salmon,|Marge|needed",0.32,peele,2.0,1.224744871391589,strong non-CoRT,salt,gray,7.0,low cloze,hard,True,False,gray,right,0.5,165.0,7.0,1.0,0.0,500.0,7000.0,0.0
4,trial,,3.0,The|dog|was|lonely|without|companions|and|started|to,0.39,peele,4.0,1.224744871391589,strong CoRT,whine,hid,9.0,low cloze,hard,False,True,whine,right,0.5,45.0,7.0,1.0,0.0,500.0,7000.0,0.0
5,trial,,4.0,The|student|spent|every|recess|with|his|best,0.93,peele,1.6,0.8944271909999159,strong non-CoRT,friend,tree,8.0,high cloze,easy,False,True,friend,right,0.5,105.0,7.0,1.0,0.0,500.0,7000.0,0.0
6,trial,,5.0,The|princess|was|only|permitted|to|marry|a,0.9,block_baldwin,1.2857142857142858,0.4879500364742666,strong non-CoRT,prince,awoke,8.0,high cloze,easy,True,False,awoke,right,0.5,120.0,7.0,1.0,0.0,500.0,7000.0,0.0
7,trial,,6.0,The|bite|was|so|painful|she|began|to,0.77,peele,4.166666666666667,1.1690451944500122,strong CoRT,cry,ghost,8.0,high cloze,easy,False,True,cry,right,0.5,22.5,7.0,1.0,0.0,500.0,7000.0,0.0
8,trial,,7.0,Kristin|claimed|to|be|the|famous|actor's|biggest,0.96,peele,1.6666666666666667,1.2110601416389966,strong non-CoRT,fan,speed,8.0,high cloze,easy,False,True,fan,right,0.5,90.0,7.0,1.0,0.0,500.0,7000.0,0.0
9,trial,,8.0,Tommy|was|angry|at|his|mom|and|started|to,0.45,peele,4.0,1.2649110640673518,strong CoRT,yell,dog,9.0,low cloze,hard,False,True,yell,right,0.5,67.5,7.0,1.0,0.0,500.0,7000.0,0.0
10,trial,,9.0,Hank|won|the|dice|game|by|rolling|a|specific,0.83,peele,4.2,1.3038404810405295,strong CoRT,number,pull,9.0,high cloze,easy,True,False,pull,right,0.5,30.0,7.0,1.0,0.0,500.0,7000.0,0.0
11,trial,,10.0,Everyone|on|the|cruise|gasped|and|pointed|out|the|massive,0.49,peele,4.8,0.44721359549995787,strong CoRT,whale,war,10.0,low cloze,hard,True,False,war,right,0.5,75.0,7.0,1.0,0.0,500.0,7000.0,0.0
12,trial,,11.0,The|boat|passed|easily|under|the,0.89,block_baldwin,4.0,1.4142135623730951,strong CoRT,bridge,lodge,6.0,high cloze,easy,False,True,bridge,right,0.5,37.5,7.0,1.0,0.0,500.0,7000.0,0.0
13,trial,,12.0,Advice|can|be|hard|to|receive|and|easy|to,0.71,peele,2.0,1.7320508075688772,strong non-CoRT,give,heal,9.0,high cloze,easy,False,True,give,right,0.5,127.5,7.0,1.0,0.0,500.0,7000.0,0.0
14,trial,,13.0,Delia|needed|her|keys|and|rummaged|around|in|her,0.8,peele,4.0,1.4142135623730951,strong CoRT,purse,tub,9.0,high cloze,easy,True,False,tub,right,0.5,7.5,7.0,1.0,0.0,500.0,7000.0,0.0
15,trial,,14.0,The|little|girl|tripped|and|immediately|began|to,0.9,peele,4.5,0.8366600265340756,strong CoRT,cry,play,8.0,high cloze,easy,False,True,cry,right,0.5,15.0,7.0,1.0,0.0,500.0,7000.0,0.0
16,trial,,15.0,Andrea|watered|her|garden|with|a|small,0.45,peele,4.4,0.8944271909999157,strong CoRT,hose,bear,7.0,low cloze,hard,True,False,bear,right,0.5,52.5,7.0,1.0,0.0,500.0,7000.0,0.0
17,trial,,16.0,Yolanda|wants|a|great|job|so|she|can|get,0.37,peele,1.8,1.7888543819998317,strong non-CoRT,rich,pay,9.0,low cloze,hard,False,True,rich,right,0.5,150.0,7.0,1.0,0.0,500.0,7000.0,0.0
18,trial,,17.0,Isaac|didn't|know|what|her|behavior|could,0.48,peele,1.25,0.5,strong non-CoRT,mean,view,7.0,low cloze,hard,True,False,view,right,0.5,142.5,7.0,1.0,0.0,500.0,7000.0,0.0
19,trial,,18.0,Malcolm|wanted|to|tidy|the|lawn|but|had|no,0.33,peele,1.75,0.5,strong non-CoRT,mower,gloves,9.0,low cloze,hard,False,True,mower,right,0.5,135.0,7.0,1.0,0.0,500.0,7000.0,0.0
20,trial,,19.0,The|passengers|feared|capsizing|when|the|ship|began|to,0.36,peele,4.2,0.8366600265340756,strong CoRT,rock,sit,9.0,low cloze,hard,False,True,rock,right,0.5,82.5,7.0,1.0,0.0,500.0,7000.0,0.0
21,trial,,20.0,The|young|woman|had|a|very|recognizable,0.44,peele,1.6,0.8944271909999159,strong non-CoRT,face,hurry,7.0,low cloze,hard,False,True,face,right,0.5,172.5,7.0,1.0,0.0,500.0,7000.0,0.0
22,trial,,21.0,Marie|pulled|out|the|clothes|she|wanted|to,0.76,peele,1.75,0.5,strong non-CoRT,wear,move,8.0,high cloze,easy,True,False,move,right,0.5,97.5,7.0,1.0,0.0,500.0,7000.0,0.0
23,trial,,22.0,Spring|was|Jo’s|favorite|season|of|the,0.94,block_baldwin,1.4285714285714286,1.1338934190276817,strong non-CoRT,year,witch,7.0,high cloze,easy,False,True,year,right,0.5,112.5,7.0,1.0,0.0,500.0,7000.0,0.0
24,trial,,23.0,Visitors|at|the|medieval|festival|drank|honey,0.35,peele,4.0,1.1547005383792517,strong CoRT,mead,ink,7.0,low cloze,hard,False,True,mead,right,0.5,60.0,7.0,1.0,0.0,500.0,7000.0,0.0
0,break,# End of Practice. You got $${percent_correct}% correct! You are now going to start the experiment!,,,,,,,,,,,,,,,,,,,,,,,,
1,trial,,0.0,Several|hours|into|his|shift|Lyle|was|ready|for|a,0.78,block_baldwin,1.7142857142857142,0.4879500364742666,strong non-CoRT,break,lick,10.0,high cloze,easy,True,False,lick,right,0.5,270.0,7.0,1.0,1.0,500.0,7000.0,1.0
2,trial,,1.0,The|officer|barged|in|and|quickly|flashed|his,0.81,peele,4.75,0.5,strong CoRT,badge,shook,8.0,high cloze,easy,True,False,shook,right,0.5,0.0,7.0,1.0,1.0,500.0,7000.0,1.0
3,trial,,2.0,All|the|professional|athlete|wanted|was|a|back,0.38,peele,2.0,1.0,strong non-CoRT,rub,tent,8.0,low cloze,hard,False,True,rub,right,0.5,375.0,7.0,1.0,1.0,500.0,7000.0,1.0
4,trial,,3.0,"Lately,|Sam|has|felt|like|he|is|in|a",0.43,peele,1.8,0.8366600265340756,strong non-CoRT,rut,flip,9.0,low cloze,hard,False,True,rut,right,0.5,442.5,7.0,1.0,1.0,500.0,7000.0,1.0
5,trial,,4.0,Before|descending|the|canyon|we|hiked|the,0.41,peele,4.0,1.1547005383792517,strong CoRT,trail,dress,7.0,low cloze,hard,False,True,trail,right,0.5,172.5,7.0,1.0,1.0,500.0,7000.0,1.0
6,trial,,5.0,Clay|refused|to|settle|down|and|buy|his|own,0.47,peele,1.8,0.8366600265340756,strong non-CoRT,house,scared,9.0,low cloze,hard,True,False,scared,right,0.5,390.0,7.0,1.0,1.0,500.0,7000.0,1.0
7,trial,,6.0,"Although|beautiful,|French|is|a|difficult|language|to",0.7,peele,1.8,1.7888543819998317,strong non-CoRT,learn,gown,8.0,high cloze,easy,False,True,learn,right,0.5,262.5,7.0,1.0,1.0,500.0,7000.0,1.0
8,trial,,7.0,"After|Grace|slipped|on|the|floor,|she|bought|a",0.45,peele,4.0,1.4142135623730951,strong CoRT,rug,wind,9.0,low cloze,hard,True,False,wind,right,0.5,210.0,7.0,1.0,1.0,500.0,7000.0,1.0
9,trial,,8.0,The|tourists|enjoyed|looking|at|the|scenic,0.39,peele,1.75,0.9574271077563382,strong non-CoRT,view,joke,7.0,low cloze,hard,True,False,joke,right,0.5,397.5,7.0,1.0,1.0,500.0,7000.0,1.0
10,trial,,9.0,The|bride|spent|weeks|shopping|for|her,0.7,peele,2.0,1.7320508075688772,strong non-CoRT,dress,adult,7.0,high cloze,easy,True,False,adult,right,0.5,240.0,7.0,1.0,1.0,500.0,7000.0,1.0
11,trial,,10.0,The|kid|gravitated|towards|the|light|like|a,0.71,peele,4.4,0.8944271909999159,strong CoRT,moth,hammer,8.0,high cloze,easy,False,True,moth,right,0.5,7.5,7.0,1.0,1.0,500.0,7000.0,1.0
12,trial,,11.0,"When|the|building|came|down,|there|was|a|loud",0.49,peele,4.25,0.4999999999999999,strong CoRT,crash,port,9.0,low cloze,hard,False,True,crash,right,0.5,225.0,7.0,1.0,1.0,500.0,7000.0,1.0
13,trial,,12.0,Shelly|wanted|to|be|a|scientist|working|at|a,0.72,peele,1.25,0.5,strong non-CoRT,lab,trash,9.0,high cloze,easy,False,True,lab,right,0.5,345.0,7.0,1.0,1.0,500.0,7000.0,1.0
14,trial,,13.0,At|recess|the|younger|children|usually|play,0.42,peele,4.2,0.8366600265340753,strong CoRT,tag,knot,7.0,low cloze,hard,False,True,tag,right,0.5,202.5,7.0,1.0,1.0,500.0,7000.0,1.0
15,trial,,14.0,April|ran|her|errands|during|her|lunch,0.86,block_baldwin,4.0,0.8164965809277259,strong CoRT,break,gin,7.0,high cloze,easy,True,False,gin,right,0.5,67.5,7.0,1.0,1.0,500.0,7000.0,1.0
16,trial,,15.0,"When|the|famous|climber|fell,|she|cracked|one",0.73,peele,4.0,0.8164965809277259,strong CoRT,rib,smile,8.0,high cloze,easy,False,True,rib,right,0.5,75.0,7.0,1.0,1.0,500.0,7000.0,1.0
17,trial,,16.0,Paulina|gave|the|huge|lollipop|a|big,0.88,peele,4.0,1.1547005383792517,strong CoRT,lick,luck,7.0,high cloze,easy,False,True,lick,right,0.5,97.5,7.0,1.0,1.0,500.0,7000.0,1.0
18,trial,,17.0,There|is|a|bit|of|cyanide|in|each|apple,0.48,peele,2.0,1.4142135623730951,strong non-CoRT,seed,mare,9.0,low cloze,hard,True,False,mare,right,0.5,450.0,7.0,1.0,1.0,500.0,7000.0,1.0
19,trial,,18.0,Kyle|carefully|scooped|the|honey|out|of|the,0.5,peele,4.6,0.5477225575051661,strong CoRT,jar,sit,8.0,low cloze,hard,False,True,jar,right,0.5,217.5,7.0,1.0,1.0,500.0,7000.0,1.0
20,trial,,19.0,She|did|not|have|the|right|key|for|the,0.44,block_baldwin,1.1666666666666667,0.40824829046386296,strong non-CoRT,lock,blood,9.0,low cloze,hard,False,True,lock,right,0.5,405.0,7.0,1.0,1.0,500.0,7000.0,1.0
21,trial,,20.0,"During|the|earthquake,|many|of|the|small|buildings",0.39,peele,4.0,0.0,strong CoRT,collapsed,fit,8.0,low cloze,hard,False,True,collapsed,right,0.5,127.5,7.0,1.0,1.0,500.0,7000.0,1.0
22,trial,,21.0,The|crazy|old|lady|was|thought|of|as|a,0.45,peele,1.6666666666666667,1.2110601416389968,strong non-CoRT,witch,alive,9.0,low cloze,hard,False,True,witch,right,0.5,465.0,7.0,1.0,1.0,500.0,7000.0,1.0
23,trial,,22.0,Our|walk|was|illuminated|by|the|light|of|the,0.84,peele,2.0,1.4142135623730951,strong non-CoRT,moon,knight,9.0,high cloze,easy,True,False,knight,right,0.5,330.0,7.0,1.0,1.0,500.0,7000.0,1.0
24,trial,,23.0,The|couple|worked|well|together|and|made|a|perfect,0.33,peele,1.8,1.095445115010332,strong non-CoRT,team,mail,9.0,low cloze,hard,True,False,mail,right,0.5,427.5,7.0,1.0,1.0,500.0,7000.0,1.0
25,trial,,24.0,"After|receiving|a|treat,|the|dog's|tail|began|to",0.98,peele,4.25,0.5,strong CoRT,wag,work,9.0,high cloze,easy,True,False,work,right,0.5,90.0,7.0,1.0,1.0,500.0,7000.0,1.0
26,trial,,25.0,"After|Chris|dropped|bread|in|the|water,|it|became",0.78,peele,4.6,0.5477225575051662,strong CoRT,soggy,stand,9.0,high cloze,easy,False,True,soggy,right,0.5,105.0,7.0,1.0,1.0,500.0,7000.0,1.0
27,trial,,26.0,Everyone|thought|the|pasta|dish|needed|more,0.31,peele,2.0,0.7071067811865476,strong non-CoRT,salt,purse,7.0,low cloze,hard,False,True,salt,right,0.5,457.5,7.0,1.0,1.0,500.0,7000.0,1.0
28,trial,,27.0,Todd|excelled|at|the|baseball|game|with|his|new,0.39,peele,4.25,0.9574271077563382,strong CoRT,bat,bake,9.0,low cloze,hard,True,False,bake,right,0.5,120.0,7.0,1.0,1.0,500.0,7000.0,1.0
29,trial,,28.0,The|thief|ran|by|and|snatched|the|lady’s,0.87,block_baldwin,4.428571428571429,1.5118578920369088,strong CoRT,purse,gym,8.0,high cloze,easy,False,True,purse,right,0.5,15.0,7.0,1.0,1.0,500.0,7000.0,1.0
30,trial,,29.0,Marcus|struggled|to|build|a|birdhouse|even|with|the,0.39,peele,4.8,0.44721359549995787,strong CoRT,instructions,real,9.0,low cloze,hard,True,False,real,right,0.5,187.5,7.0,1.0,1.0,500.0,7000.0,1.0
31,trial,,30.0,"The|simple,|fun|camp|game|soon|escalated|into|a",0.5,peele,4.4,0.5477225575051662,strong CoRT,fight,lawn,9.0,low cloze,hard,False,True,fight,right,0.5,142.5,7.0,1.0,1.0,500.0,7000.0,1.0
32,trial,,31.0,His|favorite|place|to|relax|is|on|the,0.41,peele,1.4,0.5477225575051662,strong non-CoRT,beach,fin,8.0,low cloze,hard,True,False,fin,right,0.5,360.0,7.0,1.0,1.0,500.0,7000.0,1.0
33,trial,,32.0,Elle|got|behind|the|stalled|car|and|began|to,0.87,peele,4.5,0.5773502691896257,strong CoRT,push,safe,9.0,high cloze,easy,False,True,push,right,0.5,45.0,7.0,1.0,1.0,500.0,7000.0,1.0
34,trial,,33.0,The|woman's|earring|was|a|small|silver,0.32,peele,1.8,1.095445115010332,strong non-CoRT,hoop,curse,7.0,low cloze,hard,False,True,hoop,right,0.5,412.5,7.0,1.0,1.0,500.0,7000.0,1.0
35,trial,,34.0,He|blew|out|his|cigarette|smoke|in|a|small,0.34,peele,4.75,0.4999999999999999,strong CoRT,puff,pipe,9.0,low cloze,hard,False,True,puff,right,0.5,180.0,7.0,1.0,1.0,500.0,7000.0,1.0
36,trial,,35.0,The|pinecone|fell|and|hit|Terry|in|the,0.74,block_baldwin,4.0,1.095445115010332,strong CoRT,head,shuck,8.0,high cloze,easy,True,False,shuck,right,0.5,37.5,7.0,1.0,1.0,500.0,7000.0,1.0
37,trial,,36.0,During|the|holidays|it|is|expensive|to|book|a,0.78,block_baldwin,1.8571428571428568,1.0690449676496976,strong non-CoRT,flight,sky,9.0,high cloze,easy,False,True,flight,right,0.5,315.0,7.0,1.0,1.0,500.0,7000.0,1.0
38,trial,,37.0,Benny|tried|to|make|a|keep|a|new|resolution|each,0.9,block_baldwin,1.7142857142857142,0.7559289460184545,strong non-CoRT,year,walk,10.0,high cloze,easy,False,True,year,right,0.5,247.5,7.0,1.0,1.0,500.0,7000.0,1.0
39,trial,,38.0,The|couple|agreed|the|most|important|thing|to|them|was,0.73,block_baldwin,2.0,1.5491933384829668,strong non-CoRT,love,mat,10.0,high cloze,easy,True,False,mat,right,0.5,307.5,7.0,1.0,1.0,500.0,7000.0,1.0
40,trial,,39.0,Sally|heard|that|our|new|teacher|was|impossible|to,0.48,peele,1.2,0.4472135954999579,strong non-CoRT,please,joke,9.0,low cloze,hard,False,True,please,right,0.5,435.0,7.0,1.0,1.0,500.0,7000.0,1.0
41,trial,,40.0,The|waitress|wiped|the|table|with|a|damp,0.76,peele,4.2,0.44721359549995787,strong CoRT,cloth,gull,8.0,high cloze,easy,True,False,gull,right,0.5,30.0,7.0,1.0,1.0,500.0,7000.0,1.0
42,trial,,41.0,The|roommates|agreed|to|split|the|rent|in,0.73,block_baldwin,2.0,1.5491933384829668,strong non-CoRT,half,rot,8.0,high cloze,easy,False,True,half,right,0.5,285.0,7.0,1.0,1.0,500.0,7000.0,1.0
43,trial,,42.0,"After|receiving|bad|news,|the|patient|began|to",0.83,peele,4.166666666666667,0.983192080250175,strong CoRT,cry,steroids,8.0,high cloze,easy,False,True,cry,right,0.5,22.5,7.0,1.0,1.0,500.0,7000.0,1.0
44,trial,,43.0,Daniel|was|upset|that|his|basketball|team|didn't,0.91,peele,2.0,0.7071067811865476,strong non-CoRT,win,rob,8.0,high cloze,easy,False,True,win,right,0.5,292.5,7.0,1.0,1.0,500.0,7000.0,1.0
45,trial,,44.0,The|teacher|was|afraid|of|germs|and|getting,0.92,peele,1.8,1.3038404810405295,strong non-CoRT,sick,mutt,8.0,high cloze,easy,True,False,mutt,right,0.5,277.5,7.0,1.0,1.0,500.0,7000.0,1.0
46,trial,,45.0,After|the|engine|took|on|water|the|car|began|to,0.37,block_baldwin,4.0,0.6324555320336759,strong CoRT,stall,mop,10.0,low cloze,hard,True,False,mop,right,0.5,150.0,7.0,1.0,1.0,500.0,7000.0,1.0
47,trial,,46.0,To|enter|the|castle|she|rode|across|a,0.4,peele,4.5,0.5773502691896257,strong CoRT,bridge,fit,8.0,low cloze,hard,False,True,bridge,right,0.5,195.0,7.0,1.0,1.0,500.0,7000.0,1.0
48,trial,,47.0,France|is|a|country|that|is|famous|for,0.31,peele,2.0,1.7320508075688772,strong non-CoRT,wine,cave,8.0,low cloze,hard,False,True,wine,right,0.5,382.5,7.0,1.0,1.0,500.0,7000.0,1.0
49,trial,,48.0,If|Alex|drifts|off|he|should|really|take|a,0.79,peele,1.6,0.5477225575051662,strong non-CoRT,nap,late,9.0,high cloze,easy,False,True,nap,right,0.5,352.5,7.0,1.0,1.0,500.0,7000.0,1.0
50,trial,,49.0,"Instead|of|buying|a|new|phone,|Shannon|replaced|the",0.36,peele,4.25,0.5,strong CoRT,battery,fool,9.0,low cloze,hard,True,False,fool,right,0.5,157.5,7.0,1.0,1.0,500.0,7000.0,1.0
51,trial,,50.0,His|car|is|huge|so|it's|too|heavy|to,0.44,peele,2.0,1.224744871391589,strong non-CoRT,push,cold,9.0,low cloze,hard,False,True,push,right,0.5,420.0,7.0,1.0,1.0,500.0,7000.0,1.0
52,trial,,51.0,"Tired|of|beige|walls,|Ingrid|painted|them|a|bold",0.38,peele,4.4,0.8944271909999159,strong CoRT,red,chirp,9.0,low cloze,hard,False,True,red,right,0.5,232.5,7.0,1.0,1.0,500.0,7000.0,1.0
53,trial,,52.0,Weddings|bring|out|excitement|and|general|feelings|of,0.34,peele,1.1666666666666667,0.40824829046386296,strong non-CoRT,joy,bully,8.0,low cloze,hard,False,True,joy,right,0.5,367.5,7.0,1.0,1.0,500.0,7000.0,1.0
54,trial,,53.0,Many|brunettes|like|to|dye|their|hair,0.86,block_baldwin,1.8571428571428568,0.8997354108424375,strong non-CoRT,blonde,collapsed,7.0,high cloze,easy,False,True,blonde,right,0.5,255.0,7.0,1.0,1.0,500.0,7000.0,1.0
55,trial,,54.0,"At|noon,|the|grandfather|clock|began|to|loudly",0.76,peele,4.0,0.0,strong CoRT,chime,teeth,8.0,high cloze,easy,False,True,chime,right,0.5,52.5,7.0,1.0,1.0,500.0,7000.0,1.0
56,trial,,55.0,The|company|said|they|were|looking|to,0.37,peele,1.25,0.5,strong non-CoRT,hire,leak,7.0,low cloze,hard,False,True,hire,right,0.5,472.5,7.0,1.0,1.0,500.0,7000.0,1.0
57,trial,,56.0,"After|eating|the|peach,|the|child|threw|out|the",0.79,peele,4.0,1.224744871391589,strong CoRT,pit,milk,9.0,high cloze,easy,False,True,pit,right,0.5,82.5,7.0,1.0,1.0,500.0,7000.0,1.0
58,trial,,57.0,A|stray|baseball|smacked|an|unsuspecting|walker|in|the,0.45,peele,4.2,0.8366600265340756,strong CoRT,head,queen,9.0,low cloze,hard,False,True,head,right,0.5,135.0,7.0,1.0,1.0,500.0,7000.0,1.0
59,trial,,58.0,Steven|had|been|raised|believing|that|lying|was|a,0.91,peele,2.0,0.8164965809277259,strong non-CoRT,sin,curb,9.0,high cloze,easy,False,True,sin,right,0.5,322.5,7.0,1.0,1.0,500.0,7000.0,1.0
60,trial,,59.0,"When|the|robber|trapped|Dorothy,|she|began|to",0.37,peele,4.333333333333333,0.8164965809277259,strong CoRT,cry,glass,8.0,low cloze,hard,False,True,cry,right,0.5,165.0,7.0,1.0,1.0,500.0,7000.0,1.0
61,trial,,60.0,After|dinner|he|washed|his|hands|with,0.94,block_baldwin,4.142857142857143,1.4638501094227998,strong CoRT,soap,six,7.0,high cloze,easy,False,True,soap,right,0.5,60.0,7.0,1.0,1.0,500.0,7000.0,1.0
62,trial,,61.0,The|book|shelf|was|two|feet|long|and|three|feet,0.74,peele,1.5,1.0,strong non-CoRT,wide,stop,10.0,high cloze,easy,False,True,wide,right,0.5,337.5,7.0,1.0,1.0,500.0,7000.0,1.0
63,trial,,62.0,The|baby's|face|puckered|when|she|ate|something,0.94,peele,4.5,0.5477225575051661,strong CoRT,sour,punch,8.0,high cloze,easy,False,True,sour,right,0.5,112.5,7.0,1.0,1.0,500.0,7000.0,1.0
64,trial,,63.0,She|lived|in|sunny|Florida|and|never|saw|falling,0.72,block_baldwin,1.8333333333333333,0.7527726527090809,strong non-CoRT,snow,beach,9.0,high cloze,easy,False,True,snow,right,0.5,300.0,7.0,1.0,1.0,500.0,7000.0,1.0
65,break,# Well done! You got $${percent_correct}% correct!,,,,,,,,,,,,,,,,,,,,,,,,
0,trial,,0.0,They|wanted|their|parents|to|come,0.73,block_baldwin,2.0,0.6324555320336759,strong non-CoRT,home,money,6.0,high cloze,easy,True,False,money,right,0.5,270.0,7.0,1.0,2.0,500.0,7000.0,2.0
1,trial,,1.0,The|committed|scientist|spent|hours|working|in|the,0.88,peele,4.0,0.8164965809277259,strong CoRT,lab,beach,8.0,high cloze,easy,True,False,beach,right,0.5,0.0,7.0,1.0,2.0,500.0,7000.0,2.0
2,trial,,2.0,At|almost|every|local|bar|Frank|has|a,0.39,peele,2.0,1.0,strong non-CoRT,tab,man,8.0,low cloze,hard,False,True,tab,right,0.5,375.0,7.0,1.0,2.0,500.0,7000.0,2.0
3,trial,,3.0,The|vacuum's|defects|affected|its|ability|to,0.38,peele,1.0,0.0,strong non-CoRT,clean,year,7.0,low cloze,hard,False,True,clean,right,0.5,442.5,7.0,1.0,2.0,500.0,7000.0,2.0
4,trial,,4.0,Rachel|missed|her|appointment|after|writing|down|the|wrong,0.36,peele,4.0,1.0,strong CoRT,address,charge,9.0,low cloze,hard,False,True,address,right,0.5,172.5,7.0,1.0,2.0,500.0,7000.0,2.0
5,trial,,5.0,For|a|runner|Ted|is|rather,0.5,block_baldwin,1.8333333333333333,1.1690451944500122,strong non-CoRT,slow,hook,6.0,low cloze,hard,True,False,hook,right,0.5,390.0,7.0,1.0,2.0,500.0,7000.0,2.0
6,trial,,6.0,Tom|didn't|like|being|places|with|a|lot|of,0.76,peele,1.6,0.8944271909999159,strong non-CoRT,people,mouse,9.0,high cloze,easy,False,True,people,right,0.5,262.5,7.0,1.0,2.0,500.0,7000.0,2.0
7,trial,,7.0,Ann|felt|overwhelmed|by|feelings|of|distress|she|couldn't,0.33,peele,4.0,0.8164965809277259,strong CoRT,shake,lettuce,9.0,low cloze,hard,True,False,lettuce,right,0.5,210.0,7.0,1.0,2.0,500.0,7000.0,2.0
8,trial,,8.0,Spaghetti|is|the|girl's|favorite|type|of,0.49,peele,1.6,0.5477225575051661,strong non-CoRT,food,tang,7.0,low cloze,hard,True,False,tang,right,0.5,397.5,7.0,1.0,2.0,500.0,7000.0,2.0
9,trial,,9.0,The|peaches|at|the|orchard|are|almost|ready|to,0.71,peele,2.0,1.1547005383792517,strong non-CoRT,pick,debt,9.0,high cloze,easy,True,False,debt,right,0.5,240.0,7.0,1.0,2.0,500.0,7000.0,2.0
10,trial,,10.0,He|lay|down|and|went|to,0.76,block_baldwin,4.166666666666667,0.7527726527090809,strong CoRT,sleep,shore,6.0,high cloze,easy,False,True,sleep,right,0.5,7.5,7.0,1.0,2.0,500.0,7000.0,2.0
11,trial,,11.0,"The|toddler|enjoyed|feeding|bread|to|the|fat,|white",0.5,peele,4.5,0.5773502691896257,strong CoRT,duck,lobe,9.0,low cloze,hard,False,True,duck,right,0.5,225.0,7.0,1.0,2.0,500.0,7000.0,2.0
12,trial,,12.0,Lily|had|disliked|him|from|the|moment|they,0.99,peele,1.75,0.957427107756338,strong non-CoRT,met,curse,8.0,high cloze,easy,False,True,met,right,0.5,345.0,7.0,1.0,2.0,500.0,7000.0,2.0
13,trial,,13.0,The|baby's|ice|cream|was|snatched|up|by|the,0.47,peele,4.5,0.5773502691896257,strong CoRT,dog,time,9.0,low cloze,hard,False,True,dog,right,0.5,202.5,7.0,1.0,2.0,500.0,7000.0,2.0
14,trial,,14.0,After|hitting|the|iceberg|the|ship|began|to,0.96,block_baldwin,4.0,1.1547005383792517,strong CoRT,sink,milk,8.0,high cloze,easy,True,False,milk,right,0.5,67.5,7.0,1.0,2.0,500.0,7000.0,2.0
15,trial,,15.0,The|fisherman|trapped|hundreds|of|sharks|in|their,0.82,peele,4.0,0.8164965809277259,strong CoRT,nets,tire,8.0,high cloze,easy,False,True,nets,right,0.5,75.0,7.0,1.0,2.0,500.0,7000.0,2.0
16,trial,,16.0,She|preheated|the|oven|and|greased|the,0.9,block_baldwin,4.285714285714286,1.4960264830861911,strong CoRT,pan,sensitive,7.0,high cloze,easy,False,True,pan,right,0.5,97.5,7.0,1.0,2.0,500.0,7000.0,2.0
17,trial,,17.0,They|believe|the|most|pious|man|is|the,0.38,peele,2.0,1.4142135623730951,strong non-CoRT,pope,woman,8.0,low cloze,hard,True,False,woman,right,0.5,450.0,7.0,1.0,2.0,500.0,7000.0,2.0
18,trial,,18.0,"After|returning|home,|Sharon|hung|her|jacket|on|the",0.43,peele,4.8,0.44721359549995787,strong CoRT,hook,live,9.0,low cloze,hard,False,True,hook,right,0.5,217.5,7.0,1.0,2.0,500.0,7000.0,2.0
19,trial,,19.0,Meg|hated|that|cleaning|the|bathroom|was|her,0.47,peele,1.75,0.9574271077563382,strong non-CoRT,chore,do,8.0,low cloze,hard,False,True,chore,right,0.5,405.0,7.0,1.0,2.0,500.0,7000.0,2.0
20,trial,,20.0,The|captain|steered|the|ship|and|narrowly|avoided|the,0.34,peele,4.75,0.4999999999999999,strong CoRT,iceberg,arm,9.0,low cloze,hard,False,True,iceberg,right,0.5,127.5,7.0,1.0,2.0,500.0,7000.0,2.0
21,trial,,21.0,Many|women|are|very|conscious|of|their,0.32,peele,1.4,0.5477225575051662,strong non-CoRT,weight,choke,7.0,low cloze,hard,False,True,weight,right,0.5,465.0,7.0,1.0,2.0,500.0,7000.0,2.0
22,trial,,22.0,The|princess|would|someday|become|a,0.93,block_baldwin,1.4285714285714286,0.7867957924694432,strong non-CoRT,queen,anger,6.0,high cloze,easy,True,False,anger,right,0.5,330.0,7.0,1.0,2.0,500.0,7000.0,2.0
23,trial,,23.0,The|villagers|had|never|ventured|out|of|the,0.32,peele,1.2,0.4472135954999579,strong non-CoRT,village,fog,8.0,low cloze,hard,True,False,fog,right,0.5,427.5,7.0,1.0,2.0,500.0,7000.0,2.0
24,trial,,24.0,He|scraped|the|cold|food|from|his,0.85,block_baldwin,4.428571428571429,1.5118578920369088,strong CoRT,plate,tube,7.0,high cloze,easy,True,False,tube,right,0.5,90.0,7.0,1.0,2.0,500.0,7000.0,2.0
25,trial,,25.0,He|loosened|the|tie|around|his,0.97,block_baldwin,4.428571428571429,1.5118578920369088,strong CoRT,neck,win,6.0,high cloze,easy,False,True,neck,right,0.5,105.0,7.0,1.0,2.0,500.0,7000.0,2.0
26,trial,,26.0,"When|travelling,|tourists|like|to|carry|items|in|a",0.48,peele,1.75,0.5,strong non-CoRT,bag,chore,9.0,low cloze,hard,False,True,bag,right,0.5,457.5,7.0,1.0,2.0,500.0,7000.0,2.0
27,trial,,27.0,Frank|read|by|the|fireplace|while|his|grandmother,0.4,peele,4.4,0.8944271909999159,strong CoRT,knitted,reach,8.0,low cloze,hard,True,False,reach,right,0.5,120.0,7.0,1.0,2.0,500.0,7000.0,2.0
28,trial,,28.0,"When|the|two|met,|one|of|them|held|out|his",0.95,block_baldwin,4.0,1.0,strong CoRT,hand,choke,10.0,high cloze,easy,False,True,hand,right,0.5,15.0,7.0,1.0,2.0,500.0,7000.0,2.0
29,trial,,29.0,The|child|looked|outside|and|watched|the|flying,0.4,peele,4.0,0.7071067811865476,strong CoRT,birds,cry,8.0,low cloze,hard,True,False,cry,right,0.5,187.5,7.0,1.0,2.0,500.0,7000.0,2.0
30,trial,,30.0,They|broke|into|the|store|and|began|to,0.42,peele,4.6,0.5477225575051662,strong CoRT,steal,joke,8.0,low cloze,hard,False,True,steal,right,0.5,142.5,7.0,1.0,2.0,500.0,7000.0,2.0
31,trial,,31.0,Larry's|motto|was|always|do|what|you,0.5,peele,1.25,0.5,strong non-CoRT,want,gone,7.0,low cloze,hard,True,False,gone,right,0.5,360.0,7.0,1.0,2.0,500.0,7000.0,2.0
32,trial,,32.0,The|big|friendly|dog|wetted|her|face|with|his,0.7,peele,4.5,0.5773502691896257,strong CoRT,tongue,lure,9.0,high cloze,easy,False,True,tongue,right,0.5,45.0,7.0,1.0,2.0,500.0,7000.0,2.0
33,trial,,33.0,Many|people|will|carry|important|items|in|a,0.37,peele,1.5,1.0,strong non-CoRT,bag,jar,8.0,low cloze,hard,False,True,bag,right,0.5,412.5,7.0,1.0,2.0,500.0,7000.0,2.0
34,trial,,34.0,Mark's|favorite|spot|to|fish|was|a|pier|by|the,0.34,peele,4.4,0.8944271909999159,strong CoRT,lake,word,10.0,low cloze,hard,False,True,lake,right,0.5,180.0,7.0,1.0,2.0,500.0,7000.0,2.0
35,trial,,35.0,The|librarian|sternly|told|us|to|be,0.8,block_baldwin,4.0,0.5773502691896257,strong CoRT,quiet,porch,7.0,high cloze,easy,True,False,porch,right,0.5,37.5,7.0,1.0,2.0,500.0,7000.0,2.0
36,trial,,36.0,Tammy|was|not|a|gambler|because|she|had|bad,0.86,block_baldwin,1.8571428571428568,1.4638501094227998,strong non-CoRT,luck,cut,9.0,high cloze,easy,False,True,luck,right,0.5,315.0,7.0,1.0,2.0,500.0,7000.0,2.0
37,trial,,37.0,She|graduated|at|the|top|of|her,0.95,block_baldwin,1.5714285714285714,0.7867957924694432,strong non-CoRT,class,shelf,7.0,high cloze,easy,False,True,class,right,0.5,247.5,7.0,1.0,2.0,500.0,7000.0,2.0
38,trial,,38.0,Chris|said|his|dog|had|always|been|his|best,0.95,peele,1.75,1.5,strong non-CoRT,friend,dosage,9.0,high cloze,easy,True,False,dosage,right,0.5,307.5,7.0,1.0,2.0,500.0,7000.0,2.0
39,trial,,39.0,There|was|not|room|for|the|triplets|in|the,0.34,peele,2.0,0.8164965809277259,strong non-CoRT,car,train,9.0,low cloze,hard,False,True,car,right,0.5,435.0,7.0,1.0,2.0,500.0,7000.0,2.0
40,trial,,40.0,The|squirrel|dashed|by|in|order|to|bury|a,0.77,peele,4.75,0.4999999999999999,strong CoRT,nut,home,9.0,high cloze,easy,True,False,home,right,0.5,30.0,7.0,1.0,2.0,500.0,7000.0,2.0
41,trial,,41.0,The|boss|kept|his|employees|on|a|short,0.93,peele,1.4,0.5477225575051662,strong non-CoRT,leash,sign,8.0,high cloze,easy,False,True,leash,right,0.5,285.0,7.0,1.0,2.0,500.0,7000.0,2.0
42,trial,,42.0,Courtney|was|so|happy|and|relieved|she|started|to,0.71,peele,4.333333333333333,0.8164965809277259,strong CoRT,cry,choice,9.0,high cloze,easy,False,True,cry,right,0.5,22.5,7.0,1.0,2.0,500.0,7000.0,2.0
43,trial,,43.0,He|knew|about|the|prank|they|were|trying|to,0.8,peele,1.4,0.5477225575051661,strong non-CoRT,pull,cry,9.0,high cloze,easy,False,True,pull,right,0.5,292.5,7.0,1.0,2.0,500.0,7000.0,2.0
44,trial,,44.0,The|man|liked|to|play|his|music|too,0.84,block_baldwin,2.0,1.0,strong non-CoRT,loud,joke,8.0,high cloze,easy,True,False,joke,right,0.5,277.5,7.0,1.0,2.0,500.0,7000.0,2.0
45,trial,,45.0,Helen|removed|the|paint|from|her|face|with|a,0.33,peele,4.8,0.4472135954999579,strong CoRT,cloth,sin,9.0,low cloze,hard,True,False,sin,right,0.5,150.0,7.0,1.0,2.0,500.0,7000.0,2.0
46,trial,,46.0,His|brand|new|soccer|ball|had|landed|in|the,0.34,peele,4.0,1.7320508075688772,strong CoRT,mud,drip,9.0,low cloze,hard,False,True,mud,right,0.5,195.0,7.0,1.0,2.0,500.0,7000.0,2.0
47,trial,,47.0,Quinn|was|surprised|that|Mariah|didn't|believe|in,0.43,peele,1.8,0.8366600265340756,strong non-CoRT,god,give,8.0,low cloze,hard,False,True,god,right,0.5,382.5,7.0,1.0,2.0,500.0,7000.0,2.0
48,trial,,48.0,There|is|no|cold|that|homemade|soup|cannot,0.79,peele,1.8,0.8366600265340756,strong non-CoRT,cure,serve,8.0,high cloze,easy,False,True,cure,right,0.5,352.5,7.0,1.0,2.0,500.0,7000.0,2.0
49,trial,,49.0,The|princess|was|pulled|onto|the|horse|by|the,0.37,peele,4.4,0.8944271909999159,strong CoRT,prince,dead,9.0,low cloze,hard,True,False,dead,right,0.5,157.5,7.0,1.0,2.0,500.0,7000.0,2.0
50,trial,,50.0,The|heavy|box|had|both|a|large|volume|and,0.38,peele,1.6,1.3416407864998738,strong non-CoRT,weight,read,9.0,low cloze,hard,False,True,weight,right,0.5,420.0,7.0,1.0,2.0,500.0,7000.0,2.0
51,trial,,51.0,"To|stay|fit,|Jim|participates|in|a|basketball",0.42,peele,4.2,0.4472135954999579,strong CoRT,game,nest,8.0,low cloze,hard,False,True,game,right,0.5,232.5,7.0,1.0,2.0,500.0,7000.0,2.0
52,trial,,52.0,It|is|painful|to|have|diseases|like,0.36,peele,1.0,0.0,strong non-CoRT,cancer,car,7.0,low cloze,hard,False,True,cancer,right,0.5,367.5,7.0,1.0,2.0,500.0,7000.0,2.0
53,trial,,53.0,"Every|weekend,|Michelle|and|her|family|attended",0.85,peele,2.0,1.1547005383792517,strong non-CoRT,church,shower,7.0,high cloze,easy,False,True,church,right,0.5,255.0,7.0,1.0,2.0,500.0,7000.0,2.0
54,trial,,54.0,She|washed|the|dirty|dishes|in|the,0.92,block_baldwin,4.0,1.4142135623730951,strong CoRT,sink,batch,7.0,high cloze,easy,False,True,sink,right,0.5,52.5,7.0,1.0,2.0,500.0,7000.0,2.0
55,trial,,55.0,The|boy|won|the|chess|competition|by|using|his,0.36,peele,1.75,0.957427107756338,strong non-CoRT,brain,fence,9.0,low cloze,hard,False,True,brain,right,0.5,472.5,7.0,1.0,2.0,500.0,7000.0,2.0
56,trial,,56.0,"After|driving|over|sharp|glass,|Ronald|had|a|flat",1.0,peele,4.4,0.8944271909999159,strong CoRT,tire,loan,9.0,high cloze,easy,False,True,tire,right,0.5,82.5,7.0,1.0,2.0,500.0,7000.0,2.0
57,trial,,57.0,Abby|stuck|his|picture|to|her|wall|with|a,0.46,peele,4.333333333333333,0.5773502691896257,strong CoRT,tack,lab,9.0,low cloze,hard,False,True,tack,right,0.5,135.0,7.0,1.0,2.0,500.0,7000.0,2.0
58,trial,,58.0,The|landlord|did|not|like|when|the|rent|was,0.8,block_baldwin,2.0,1.4142135623730951,strong non-CoRT,late,pin,9.0,high cloze,easy,False,True,late,right,0.5,322.5,7.0,1.0,2.0,500.0,7000.0,2.0
59,trial,,59.0,"Everyday|during|recess,|the|children|would|play",0.41,peele,4.0,1.224744871391589,strong CoRT,tag,over,7.0,low cloze,hard,False,True,tag,right,0.5,165.0,7.0,1.0,2.0,500.0,7000.0,2.0
60,trial,,60.0,"After|washing|his|hands,|Brandon|dried|them|with|a",0.96,peele,4.0,0.8164965809277259,strong CoRT,towel,dam,9.0,high cloze,easy,False,True,towel,right,0.5,60.0,7.0,1.0,2.0,500.0,7000.0,2.0
61,trial,,61.0,"The|mother|was|against|swearing,|calling|it|a",0.85,peele,2.0,0.8164965809277259,strong non-CoRT,sin,pill,8.0,high cloze,easy,False,True,sin,right,0.5,337.5,7.0,1.0,2.0,500.0,7000.0,2.0
62,trial,,62.0,"To|avoid|hitting|her|head,|she|had|to",0.85,peele,4.5,0.5773502691896257,strong CoRT,duck,deed,8.0,high cloze,easy,False,True,duck,right,0.5,112.5,7.0,1.0,2.0,500.0,7000.0,2.0
63,trial,,63.0,Karen|lost|lots|of|money|after|losing|a|foolish,0.97,peele,1.8,0.4472135954999579,strong non-CoRT,bet,mower,9.0,high cloze,easy,False,True,bet,right,0.5,300.0,7.0,1.0,2.0,500.0,7000.0,2.0
64,break,# Well done! You got $${percent_correct}% correct!,,,,,,,,,,,,,,,,,,,,,,,,
0,trial,,0.0,The|girl|knew|a|lot|for|her,0.8,block_baldwin,1.2857142857142858,0.4879500364742666,strong non-CoRT,age,dry,7.0,high cloze,easy,True,False,dry,right,0.5,270.0,7.0,1.0,3.0,500.0,7000.0,3.0
1,trial,,1.0,"At|the|nearby|pond,|Jeremy|threw|bread|for|a",0.87,peele,4.25,0.957427107756338,strong CoRT,duck,leg,9.0,high cloze,easy,True,False,leg,right,0.5,0.0,7.0,1.0,3.0,500.0,7000.0,3.0
2,trial,,2.0,One|must|take|time|out|of|every|day|to,0.36,peele,1.0,0.0,strong non-CoRT,relax,screen,9.0,low cloze,hard,False,True,relax,right,0.5,375.0,7.0,1.0,3.0,500.0,7000.0,3.0
3,trial,,3.0,For|a|small|horse|she|has|a|very|long,0.47,peele,1.8,1.3038404810405295,strong non-CoRT,tail,toy,9.0,low cloze,hard,False,True,tail,right,0.5,442.5,7.0,1.0,3.0,500.0,7000.0,3.0
4,trial,,4.0,He|used|his|skateboard|to|grind|along|the,0.38,peele,4.5,0.5773502691896257,strong CoRT,rails,kill,8.0,low cloze,hard,False,True,rails,right,0.5,172.5,7.0,1.0,3.0,500.0,7000.0,3.0
5,trial,,5.0,Some|clothing|types|don't|last|long|because|they|easily,0.44,peele,2.0,1.224744871391589,strong non-CoRT,tear,peel,9.0,low cloze,hard,True,False,peel,right,0.5,390.0,7.0,1.0,3.0,500.0,7000.0,3.0
6,trial,,6.0,For|breakfast|Jim|wanted|bacon|and,0.91,block_baldwin,1.4285714285714286,0.7867957924694432,strong non-CoRT,eggs,ball,6.0,high cloze,easy,False,True,eggs,right,0.5,262.5,7.0,1.0,3.0,500.0,7000.0,3.0
7,trial,,7.0,The|screaming|little|girl|made|the|sitter|very,0.33,peele,4.2,0.8366600265340756,strong CoRT,nervous,tight,8.0,low cloze,hard,True,False,tight,right,0.5,210.0,7.0,1.0,3.0,500.0,7000.0,3.0
8,trial,,8.0,It|seemed|like|the|girl|was|always|running,0.41,peele,1.75,0.957427107756338,strong non-CoRT,late,argue,8.0,low cloze,hard,True,False,argue,right,0.5,397.5,7.0,1.0,3.0,500.0,7000.0,3.0
9,trial,,9.0,"Instead|of|a|purebred|dog,|John|chose|a",0.89,peele,2.0,1.7320508075688772,strong non-CoRT,mutt,shape,8.0,high cloze,easy,True,False,shape,right,0.5,240.0,7.0,1.0,3.0,500.0,7000.0,3.0
10,trial,,10.0,During|the|lecture|Jen|kept|checking|the,0.71,block_baldwin,4.166666666666667,0.7527726527090809,strong CoRT,time,bear,7.0,high cloze,easy,False,True,time,right,0.5,7.5,7.0,1.0,3.0,500.0,7000.0,3.0
11,trial,,11.0,The|crowd|became|rowdy|after|drinking|too|much|sweet,0.32,peele,4.6,0.5477225575051661,strong CoRT,wine,bug,9.0,low cloze,hard,False,True,wine,right,0.5,225.0,7.0,1.0,3.0,500.0,7000.0,3.0
12,trial,,12.0,To|afford|a|new|car|Tim|got|a,0.71,block_baldwin,1.8333333333333333,0.7527726527090809,strong non-CoRT,loan,ball,8.0,high cloze,easy,False,True,loan,right,0.5,345.0,7.0,1.0,3.0,500.0,7000.0,3.0
13,trial,,13.0,"Distracted|while|driving,|Maya|got|stuck|in|the|sticky",0.46,peele,4.0,1.224744871391589,strong CoRT,mud,sunset,9.0,low cloze,hard,False,True,mud,right,0.5,202.5,7.0,1.0,3.0,500.0,7000.0,3.0
14,trial,,14.0,After|dinner|the|maid|collected|the|family’s,0.78,block_baldwin,4.0,1.4142135623730951,strong CoRT,plates,deer,7.0,high cloze,easy,True,False,deer,right,0.5,67.5,7.0,1.0,3.0,500.0,7000.0,3.0
15,trial,,15.0,"Descending|the|steps,|the|old|man|clutched|the",0.72,peele,4.0,0.8164965809277259,strong CoRT,railing,patch,8.0,high cloze,easy,False,True,railing,right,0.5,75.0,7.0,1.0,3.0,500.0,7000.0,3.0
16,trial,,16.0,The|boy|cried|when|he|hurt|his|knee|after|the,0.71,peele,4.8,0.4472135954999579,strong CoRT,fall,steal,10.0,high cloze,easy,False,True,fall,right,0.5,97.5,7.0,1.0,3.0,500.0,7000.0,3.0
17,trial,,17.0,Bob|planned|to|reopen|the|restaurant|in|the,0.38,peele,2.0,1.224744871391589,strong non-CoRT,fall,eaten,8.0,low cloze,hard,True,False,eaten,right,0.5,450.0,7.0,1.0,3.0,500.0,7000.0,3.0
18,trial,,18.0,Andy|reached|the|curb|and|told|the|dog|to,0.42,peele,4.0,1.4142135623730951,strong CoRT,sit,cloth,9.0,low cloze,hard,False,True,sit,right,0.5,217.5,7.0,1.0,3.0,500.0,7000.0,3.0
19,trial,,19.0,Mary|agreed|that|a|popsicle|would|be|the|right,0.41,peele,2.0,1.0,strong non-CoRT,treat,complex,9.0,low cloze,hard,False,True,treat,right,0.5,405.0,7.0,1.0,3.0,500.0,7000.0,3.0
20,trial,,20.0,The|evil|witch|eyed|the|young|princess|with|a,0.31,peele,4.4,0.8944271909999159,strong CoRT,glare,udder,9.0,low cloze,hard,False,True,glare,right,0.5,127.5,7.0,1.0,3.0,500.0,7000.0,3.0
21,trial,,21.0,To|relax|herself|she|liked|to|listen|to|smooth,0.47,block_baldwin,1.8333333333333333,0.40824829046386296,strong non-CoRT,jazz,cake,9.0,low cloze,hard,False,True,jazz,right,0.5,465.0,7.0,1.0,3.0,500.0,7000.0,3.0
22,trial,,22.0,You|should|always|read|it|over|before|signing|a,0.8,peele,1.25,0.5,strong non-CoRT,contract,sham,9.0,high cloze,easy,True,False,sham,right,0.5,330.0,7.0,1.0,3.0,500.0,7000.0,3.0
23,trial,,23.0,To|cook|a|meal|you|will|surely|need|a,0.44,peele,1.75,0.957427107756338,strong non-CoRT,stove,skin,9.0,low cloze,hard,True,False,skin,right,0.5,427.5,7.0,1.0,3.0,500.0,7000.0,3.0
24,trial,,24.0,The|man|presented|his|new|fiancée|with|an|expensive,0.81,block_baldwin,4.0,1.4142135623730951,strong CoRT,ring,due,9.0,high cloze,easy,True,False,due,right,0.5,90.0,7.0,1.0,3.0,500.0,7000.0,3.0
25,trial,,25.0,After|the|recital|she|faced|the|audience|and|took|a,0.89,block_baldwin,4.142857142857143,1.0690449676496976,strong CoRT,bow,float,10.0,high cloze,easy,False,True,bow,right,0.5,105.0,7.0,1.0,3.0,500.0,7000.0,3.0
26,trial,,26.0,The|villagers|lived|their|lives|as|simple,0.4,peele,2.0,1.0,strong non-CoRT,people,kale,7.0,low cloze,hard,False,True,people,right,0.5,457.5,7.0,1.0,3.0,500.0,7000.0,3.0
27,trial,,27.0,"Angry|at|the|late|employee,|Brandon|began|to",0.5,peele,4.166666666666667,1.3291601358251257,strong CoRT,yell,stare,8.0,low cloze,hard,True,False,stare,right,0.5,120.0,7.0,1.0,3.0,500.0,7000.0,3.0
28,trial,,28.0,Bill|jumped|in|the|lake|and|made|a|big,0.92,block_baldwin,4.857142857142857,0.3779644730092273,strong CoRT,splash,wife,9.0,high cloze,easy,False,True,splash,right,0.5,15.0,7.0,1.0,3.0,500.0,7000.0,3.0
29,trial,,29.0,The|beautiful|woman|in|the|story|turned|into|a,0.44,peele,4.0,1.2649110640673518,strong CoRT,witch,womb,9.0,low cloze,hard,True,False,womb,right,0.5,187.5,7.0,1.0,3.0,500.0,7000.0,3.0
30,trial,,30.0,"A|fan|of|stringed|instruments,|the|musician|played|the",0.38,peele,4.2,1.3038404810405295,strong CoRT,violin,beans,9.0,low cloze,hard,False,True,violin,right,0.5,142.5,7.0,1.0,3.0,500.0,7000.0,3.0
31,trial,,31.0,"Out|of|habit,|the|family|always|ate|dinner|at",0.43,peele,2.0,1.4142135623730951,strong non-CoRT,six,wrong,9.0,low cloze,hard,True,False,wrong,right,0.5,360.0,7.0,1.0,3.0,500.0,7000.0,3.0
32,trial,,32.0,He|crept|into|the|room|without|a,0.7,block_baldwin,4.5,0.5477225575051661,strong CoRT,sound,whim,7.0,high cloze,easy,False,True,sound,right,0.5,45.0,7.0,1.0,3.0,500.0,7000.0,3.0
33,trial,,33.0,A|large|stone|blocked|the|entrance|to|the,0.36,block_baldwin,1.6666666666666667,1.0327955589886446,strong non-CoRT,cave,back,8.0,low cloze,hard,False,True,cave,right,0.5,412.5,7.0,1.0,3.0,500.0,7000.0,3.0
34,trial,,34.0,"As|Jill|felt|the|sharp|pain,|she|began|to",0.46,peele,4.6,0.5477225575051662,strong CoRT,cry,hair,9.0,low cloze,hard,False,True,cry,right,0.5,180.0,7.0,1.0,3.0,500.0,7000.0,3.0
35,trial,,35.0,In|the|shower|he|washed|his|skin|with,0.95,block_baldwin,4.0,1.4142135623730951,strong CoRT,soap,ran,8.0,high cloze,easy,True,False,ran,right,0.5,37.5,7.0,1.0,3.0,500.0,7000.0,3.0
36,trial,,36.0,The|candles|smelled|even|better|when|they|were,0.87,block_baldwin,1.7142857142857142,0.4879500364742666,strong non-CoRT,lit,wine,8.0,high cloze,easy,False,True,lit,right,0.5,315.0,7.0,1.0,3.0,500.0,7000.0,3.0
37,trial,,37.0,To|prevent|football|injury|all|players|must|wear|shoulder,0.96,block_baldwin,1.5714285714285714,0.9759000729485332,strong non-CoRT,pads,cry,9.0,high cloze,easy,False,True,pads,right,0.5,247.5,7.0,1.0,3.0,500.0,7000.0,3.0
38,trial,,38.0,The|kind|nun|believed|that|drinking|was|a,0.88,peele,1.5,1.0,strong non-CoRT,sin,potty,8.0,high cloze,easy,True,False,potty,right,0.5,307.5,7.0,1.0,3.0,500.0,7000.0,3.0
39,trial,,39.0,An|ulcer|on|the|skin|is|a|painful,0.41,peele,1.8,1.095445115010332,strong non-CoRT,sore,fell,8.0,low cloze,hard,False,True,sore,right,0.5,435.0,7.0,1.0,3.0,500.0,7000.0,3.0
40,trial,,40.0,Yolanda|took|the|wet|clothes|outside|to,0.92,peele,4.0,0.6324555320336759,strong CoRT,dry,bank,7.0,high cloze,easy,True,False,bank,right,0.5,30.0,7.0,1.0,3.0,500.0,7000.0,3.0
41,trial,,41.0,The|elementary|school|girl|loved|to|hula,0.83,peele,1.8,0.8366600265340756,strong non-CoRT,hoop,soon,7.0,high cloze,easy,False,True,hoop,right,0.5,285.0,7.0,1.0,3.0,500.0,7000.0,3.0
42,trial,,42.0,The|figure|skater|was|spinning|like|a,0.86,peele,4.0,1.4142135623730951,strong CoRT,top,thyme,7.0,high cloze,easy,False,True,top,right,0.5,22.5,7.0,1.0,3.0,500.0,7000.0,3.0
43,trial,,43.0,He|was|afraid|to|work|the|night,0.9,block_baldwin,1.4285714285714286,0.7867957924694432,strong non-CoRT,shift,house,7.0,high cloze,easy,False,True,shift,right,0.5,292.5,7.0,1.0,3.0,500.0,7000.0,3.0
44,trial,,44.0,Jamie|preferred|to|use|cooking|foil|made|of,0.81,peele,1.5,1.0,strong non-CoRT,aluminum,gang,8.0,high cloze,easy,True,False,gang,right,0.5,277.5,7.0,1.0,3.0,500.0,7000.0,3.0
45,trial,,45.0,Jan|dropped|the|lightbulb|and|it|cracked|near|the,0.47,peele,4.0,0.0,strong CoRT,base,down,9.0,low cloze,hard,True,False,down,right,0.5,150.0,7.0,1.0,3.0,500.0,7000.0,3.0
46,trial,,46.0,"Before|leaving|for|the|party,|Kim|dabbed|on|some",0.49,peele,4.2,0.8366600265340756,strong CoRT,perfume,duck,9.0,low cloze,hard,False,True,perfume,right,0.5,195.0,7.0,1.0,3.0,500.0,7000.0,3.0
47,trial,,47.0,There|was|nothing|to|do|once|the|fuse|was,0.39,peele,1.8,1.095445115010332,strong non-CoRT,lit,meat,9.0,low cloze,hard,False,True,lit,right,0.5,382.5,7.0,1.0,3.0,500.0,7000.0,3.0
48,trial,,48.0,"On|his|lunch|break,|the",0.87,peele,1.6,0.8944271909999159,strong non-CoRT,lunchsign,leave,5.0,high cloze,easy,False,True,lunchsign,right,0.5,352.5,7.0,1.0,3.0,500.0,7000.0,3.0
49,trial,,49.0,"While|preparing|the|meal,|the|chef|couldn't|find|his",0.41,peele,4.0,0.7071067811865476,strong CoRT,knife,art,9.0,low cloze,hard,True,False,art,right,0.5,157.5,7.0,1.0,3.0,500.0,7000.0,3.0
50,trial,,50.0,She|adores|rain|but|doesn't|at|all|like,0.42,peele,1.75,0.5,strong non-CoRT,snow,light,8.0,low cloze,hard,False,True,snow,right,0.5,420.0,7.0,1.0,3.0,500.0,7000.0,3.0
51,trial,,51.0,The|tranquil|park|atmosphere|was|disturbed|by|the|honking,0.36,peele,4.5,1.0,strong CoRT,horn,teach,9.0,low cloze,hard,False,True,horn,right,0.5,232.5,7.0,1.0,3.0,500.0,7000.0,3.0
52,trial,,52.0,The|dessert|was|so|good|it|was|hard|to,0.41,peele,2.0,0.7071067811865476,strong non-CoRT,resist,gap,9.0,low cloze,hard,False,True,resist,right,0.5,367.5,7.0,1.0,3.0,500.0,7000.0,3.0
53,trial,,53.0,A|gas|lamp|is|always|a|good|source|of,0.89,peele,1.75,0.957427107756338,strong non-CoRT,light,water,9.0,high cloze,easy,False,True,light,right,0.5,255.0,7.0,1.0,3.0,500.0,7000.0,3.0
54,trial,,54.0,"Derek’s|feet|were|cold,|so|he|put|on|some",0.82,block_baldwin,4.142857142857143,1.4638501094227998,strong CoRT,socks,milk,9.0,high cloze,easy,False,True,socks,right,0.5,52.5,7.0,1.0,3.0,500.0,7000.0,3.0
55,trial,,55.0,His|worst|fear|was|that|the|spectators|would,0.36,peele,1.2,0.4472135954999579,strong non-CoRT,boo,coat,8.0,low cloze,hard,False,True,boo,right,0.5,472.5,7.0,1.0,3.0,500.0,7000.0,3.0
56,trial,,56.0,"After|mixing|the|batter,|the|muffins|were|ready|to",0.78,block_baldwin,4.428571428571429,0.5345224838248488,strong CoRT,bake,bull,9.0,high cloze,easy,False,True,bake,right,0.5,82.5,7.0,1.0,3.0,500.0,7000.0,3.0
57,trial,,57.0,"After|returning|to|his|bedroom,|the|monk|removed|his",0.5,peele,4.8,0.44721359549995787,strong CoRT,robe,signs,9.0,low cloze,hard,False,True,robe,right,0.5,135.0,7.0,1.0,3.0,500.0,7000.0,3.0
58,trial,,58.0,"Although|they|had|met|before,|Lee|couldn't|remember|his",0.95,peele,2.0,1.4142135623730951,strong non-CoRT,name,fate,9.0,high cloze,easy,False,True,name,right,0.5,322.5,7.0,1.0,3.0,500.0,7000.0,3.0
59,trial,,59.0,Karen|realized|she|had|stepped|in|a|pile|of,0.49,peele,4.6,0.5477225575051663,strong CoRT,poop,wine,9.0,low cloze,hard,False,True,poop,right,0.5,165.0,7.0,1.0,3.0,500.0,7000.0,3.0
60,trial,,60.0,The|angry|chicken|gave|the|farmer|a|sharp,0.83,peele,4.5,0.5773502691896257,strong CoRT,peck,cry,8.0,high cloze,easy,False,True,peck,right,0.5,60.0,7.0,1.0,3.0,500.0,7000.0,3.0
61,trial,,61.0,Their|water|source|on|the|farm|was|the|old,0.89,peele,1.2,0.4472135954999579,strong non-CoRT,well,lock,9.0,high cloze,easy,False,True,well,right,0.5,337.5,7.0,1.0,3.0,500.0,7000.0,3.0
62,trial,,62.0,He|climbed|a|ladder|in|order|to|reshingle|the,0.86,block_baldwin,4.142857142857143,1.4638501094227998,strong CoRT,roof,kick,9.0,high cloze,easy,False,True,roof,right,0.5,112.5,7.0,1.0,3.0,500.0,7000.0,3.0
63,trial,,63.0,Severe|joint|pain|is|often|a|symptom|of,0.83,peele,1.8,1.7888543819998317,strong non-CoRT,arthritis,duel,8.0,high cloze,easy,False,True,arthritis,right,0.5,300.0,7.0,1.0,3.0,500.0,7000.0,3.0
64,break,# Well done! You got $${percent_correct}% correct!,,,,,,,,,,,,,,,,,,,,,,,,
0,trial,,0.0,Her|new|shoes|were|the|wrong,0.91,block_baldwin,1.4285714285714286,1.1338934190276817,strong non-CoRT,size,manure,6.0,high cloze,easy,True,False,manure,right,0.5,270.0,7.0,1.0,4.0,500.0,7000.0,4.0
1,trial,,1.0,The|burglar|took|the|purse|and|quickly|turned|to,0.73,peele,4.833333333333333,0.4082482904638631,strong CoRT,run,feat,9.0,high cloze,easy,True,False,feat,right,0.5,0.0,7.0,1.0,4.0,500.0,7000.0,4.0
2,trial,,2.0,"Every|morning,|Kate|is|driven|to|school|by|her",0.43,peele,2.0,0.8944271909999159,strong non-CoRT,mom,tub,9.0,low cloze,hard,False,True,mom,right,0.5,375.0,7.0,1.0,4.0,500.0,7000.0,4.0
3,trial,,3.0,Even|in|the|most|trying|times|she|kept|her,0.5,peele,2.0,1.224744871391589,strong non-CoRT,cool,hair,9.0,low cloze,hard,False,True,cool,right,0.5,442.5,7.0,1.0,4.0,500.0,7000.0,4.0
4,trial,,4.0,Everyone|in|the|kitchen|was|startled|when|the|bowl,0.47,peele,4.0,0.7071067811865475,strong CoRT,fell,will,9.0,low cloze,hard,False,True,fell,right,0.5,172.5,7.0,1.0,4.0,500.0,7000.0,4.0
5,trial,,5.0,The|woman|said|she|had|finally|found,0.36,peele,2.0,0.7071067811865476,strong non-CoRT,love,tip,7.0,low cloze,hard,True,False,tip,right,0.5,390.0,7.0,1.0,4.0,500.0,7000.0,4.0
6,trial,,6.0,The|gas|station|is|about|two|miles|down|the,0.88,block_baldwin,1.0,0.0,strong non-CoRT,road,late,9.0,high cloze,easy,False,True,road,right,0.5,262.5,7.0,1.0,4.0,500.0,7000.0,4.0
7,trial,,7.0,The|rowdy|player|was|ejected|after|a|nasty,0.46,peele,4.0,0.0,strong CoRT,fight,village,8.0,low cloze,hard,True,False,village,right,0.5,210.0,7.0,1.0,4.0,500.0,7000.0,4.0
8,trial,,8.0,Alexis|was|embarrassed|by|her|child's|behavior|in,0.36,peele,1.6,0.8944271909999159,strong non-CoRT,school,cool,8.0,low cloze,hard,True,False,cool,right,0.5,397.5,7.0,1.0,4.0,500.0,7000.0,4.0
9,trial,,9.0,The|fraternal|twins|were|as|different|as|day|and,0.99,peele,2.0,0.7071067811865476,strong non-CoRT,night,met,9.0,high cloze,easy,True,False,met,right,0.5,240.0,7.0,1.0,4.0,500.0,7000.0,4.0
10,trial,,10.0,The|gentleman|on|the|bus|offered|the|child|his,0.9,peele,4.25,0.957427107756338,strong CoRT,seat,gate,9.0,high cloze,easy,False,True,seat,right,0.5,7.5,7.0,1.0,4.0,500.0,7000.0,4.0
11,trial,,11.0,Gigi|fell|yesterday|and|she|broke|a,0.31,peele,4.0,1.224744871391589,strong CoRT,leg,pitcher,7.0,low cloze,hard,False,True,leg,right,0.5,225.0,7.0,1.0,4.0,500.0,7000.0,4.0
12,trial,,12.0,Some|people|won't|eat|lemons|because|they|are|too,0.75,peele,1.0,0.0,strong non-CoRT,sour,tin,9.0,high cloze,easy,False,True,sour,right,0.5,345.0,7.0,1.0,4.0,500.0,7000.0,4.0
13,trial,,13.0,As|he|left|the|insulted|man|made|a,0.4,peele,4.8,0.44721359549995787,strong CoRT,gesture,luck,8.0,low cloze,hard,False,True,gesture,right,0.5,202.5,7.0,1.0,4.0,500.0,7000.0,4.0
14,trial,,14.0,Jane|fried|some|bacon|in|the,0.86,block_baldwin,4.142857142857143,1.4638501094227998,strong CoRT,pan,gag,6.0,high cloze,easy,True,False,gag,right,0.5,67.5,7.0,1.0,4.0,500.0,7000.0,4.0
15,trial,,15.0,On|her|birthday|she|excitedly|opened|the,0.71,block_baldwin,4.0,1.5491933384829668,strong CoRT,gifts,road,7.0,high cloze,easy,False,True,gifts,right,0.5,75.0,7.0,1.0,4.0,500.0,7000.0,4.0
16,trial,,16.0,The|soup|was|extremely|hot|and|burned|Matt's,0.74,peele,4.75,0.5,strong CoRT,tongue,turkey,8.0,high cloze,easy,False,True,tongue,right,0.5,97.5,7.0,1.0,4.0,500.0,7000.0,4.0
17,trial,,17.0,Grace|didn't|like|eating|foods|with|a|lot|of,0.39,peele,1.4,0.5477225575051661,strong non-CoRT,salt,race,9.0,low cloze,hard,True,False,race,right,0.5,450.0,7.0,1.0,4.0,500.0,7000.0,4.0
18,trial,,18.0,Stacy|was|not|careful|and|spilled|wine|on|her,0.44,peele,4.0,1.4142135623730951,strong CoRT,dress,noises,9.0,low cloze,hard,False,True,dress,right,0.5,217.5,7.0,1.0,4.0,500.0,7000.0,4.0
19,trial,,19.0,The|chef|wanted|his|steaks|to|have|a|good,0.38,peele,2.0,1.4142135623730951,strong non-CoRT,flavor,suit,9.0,low cloze,hard,False,True,flavor,right,0.5,405.0,7.0,1.0,4.0,500.0,7000.0,4.0
20,trial,,20.0,The|strong|landscaper|removed|the|tree|root|after|one,0.41,peele,4.2,1.3038404810405295,strong CoRT,pull,dog,9.0,low cloze,hard,False,True,pull,right,0.5,127.5,7.0,1.0,4.0,500.0,7000.0,4.0
21,trial,,21.0,"When|it's|warm|out,|Jack|likes|going|to|the",0.42,peele,1.6,0.8944271909999159,strong non-CoRT,beach,tongue,9.0,low cloze,hard,False,True,beach,right,0.5,465.0,7.0,1.0,4.0,500.0,7000.0,4.0
22,trial,,22.0,The|new|family|enclosed|their|yard|with|a,0.97,peele,1.75,0.957427107756338,strong non-CoRT,fence,mountain,8.0,high cloze,easy,True,False,mountain,right,0.5,330.0,7.0,1.0,4.0,500.0,7000.0,4.0
23,trial,,23.0,Winston's|prized|chess|set|was|missing|a,0.43,peele,1.6,0.5477225575051662,strong non-CoRT,piece,meal,7.0,low cloze,hard,True,False,meal,right,0.5,427.5,7.0,1.0,4.0,500.0,7000.0,4.0
24,trial,,24.0,Dean|dropped|the|cookies|and|had|to|make|a|fresh,0.95,peele,4.8,0.4472135954999579,strong CoRT,batch,gap,10.0,high cloze,easy,True,False,gap,right,0.5,90.0,7.0,1.0,4.0,500.0,7000.0,4.0
25,trial,,25.0,After|weeks|at|sea|the|bottle|washed|up|onto,0.83,peele,4.0,0.8164965809277259,strong CoRT,shore,aim,9.0,high cloze,easy,False,True,shore,right,0.5,105.0,7.0,1.0,4.0,500.0,7000.0,4.0
26,trial,,26.0,It|is|difficult|for|any|large|business|to,0.33,peele,1.6,1.3416407864998738,strong non-CoRT,succeed,rake,8.0,low cloze,hard,False,True,succeed,right,0.5,457.5,7.0,1.0,4.0,500.0,7000.0,4.0
27,trial,,27.0,The|car|suddenly|appeared|and|Liz|wasn't|able|to,0.35,peele,4.333333333333333,0.5163977794943223,strong CoRT,stop,sleep,9.0,low cloze,hard,True,False,sleep,right,0.5,120.0,7.0,1.0,4.0,500.0,7000.0,4.0
28,trial,,28.0,"Work|started|in|ten|minutes,|so|Jim|had|to",0.8,peele,4.0,0.8164965809277259,strong CoRT,hurry,hell,9.0,high cloze,easy,False,True,hurry,right,0.5,15.0,7.0,1.0,4.0,500.0,7000.0,4.0
29,trial,,29.0,Jill|cried|and|said|her|life|had|become|a,0.4,peele,4.0,0.7071067811865475,strong CoRT,mess,class,9.0,low cloze,hard,True,False,class,right,0.5,187.5,7.0,1.0,4.0,500.0,7000.0,4.0
30,trial,,30.0,The|cargo|at|the|shipyard|fell|with|a|loud,0.33,peele,4.0,0.0,strong CoRT,bang,seagull,9.0,low cloze,hard,False,True,bang,right,0.5,142.5,7.0,1.0,4.0,500.0,7000.0,4.0
31,trial,,31.0,The|gym|class|knew|the|rope|would|be|a,0.26,block_baldwin,1.1666666666666667,0.40824829046386296,strong non-CoRT,task,dollar,9.0,low cloze,hard,True,False,dollar,right,0.5,360.0,7.0,1.0,4.0,500.0,7000.0,4.0
32,trial,,32.0,Phil|restarted|the|stalled|lawn|mower|with|a|strong,0.73,peele,4.6,0.5477225575051662,strong CoRT,pull,tip,9.0,high cloze,easy,False,True,pull,right,0.5,45.0,7.0,1.0,4.0,500.0,7000.0,4.0
33,trial,,33.0,Her|baby|was|not|ready|to|leave|the,0.32,peele,1.75,0.957427107756338,strong non-CoRT,crib,tag,8.0,low cloze,hard,False,True,crib,right,0.5,412.5,7.0,1.0,4.0,500.0,7000.0,4.0
34,trial,,34.0,The|pirates|escaped|with|a|large|bag|of,0.44,peele,4.75,0.4999999999999999,strong CoRT,gold,noise,8.0,low cloze,hard,False,True,gold,right,0.5,180.0,7.0,1.0,4.0,500.0,7000.0,4.0
35,trial,,35.0,"Exiting|the|pool,|the|children|were|so|cold|they",0.87,peele,4.4,0.5477225575051661,strong CoRT,shivered,hurt,9.0,high cloze,easy,True,False,hurt,right,0.5,37.5,7.0,1.0,4.0,500.0,7000.0,4.0
36,trial,,36.0,Jill|is|frustrated|by|people|who|are|always,0.73,peele,1.75,0.5,strong non-CoRT,late,lock,8.0,high cloze,easy,False,True,late,right,0.5,315.0,7.0,1.0,4.0,500.0,7000.0,4.0
37,trial,,37.0,Chocolate|is|made|from|the|roasted|cacao,0.84,peele,1.8,0.4472135954999579,strong non-CoRT,bean,decision,7.0,high cloze,easy,False,True,bean,right,0.5,247.5,7.0,1.0,4.0,500.0,7000.0,4.0
38,trial,,38.0,The|expensive|tie|was|made|of,0.89,block_baldwin,1.0,0.0,strong non-CoRT,silk,house,6.0,high cloze,easy,True,False,house,right,0.5,307.5,7.0,1.0,4.0,500.0,7000.0,4.0
39,trial,,39.0,When|she|was|only|twenty|years|old|she|found,0.41,peele,1.8,1.095445115010332,strong non-CoRT,love,hawk,9.0,low cloze,hard,False,True,love,right,0.5,435.0,7.0,1.0,4.0,500.0,7000.0,4.0
40,trial,,40.0,The|bride|smiled|as|she|walked|down|the,0.88,block_baldwin,4.285714285714286,1.1126972805283737,strong CoRT,aisle,bread,8.0,high cloze,easy,True,False,bread,right,0.5,30.0,7.0,1.0,4.0,500.0,7000.0,4.0
41,trial,,41.0,"After|college,|the|student|had|amassed|a|lot|of",0.76,peele,1.8,0.8366600265340756,strong non-CoRT,debt,kill,9.0,high cloze,easy,False,True,debt,right,0.5,285.0,7.0,1.0,4.0,500.0,7000.0,4.0
42,trial,,42.0,"After|selecting|the|yarn,|Karen|began|to",0.83,peele,4.0,0.8164965809277259,strong CoRT,knit,awoke,7.0,high cloze,easy,False,True,knit,right,0.5,22.5,7.0,1.0,4.0,500.0,7000.0,4.0
43,trial,,43.0,May|thought|her|leg|was|taking|too|long|to,0.9,peele,1.2,0.4472135954999579,strong non-CoRT,heal,wanted,9.0,high cloze,easy,False,True,heal,right,0.5,292.5,7.0,1.0,4.0,500.0,7000.0,4.0
44,trial,,44.0,It’s|hard|to|admit|when|one|is,0.78,block_baldwin,2.0,1.4142135623730951,strong non-CoRT,wrong,year,7.0,high cloze,easy,True,False,year,right,0.5,277.5,7.0,1.0,4.0,500.0,7000.0,4.0
45,trial,,45.0,The|dog|chased|our|cat|up|the,0.43,block_baldwin,4.166666666666667,1.6020819787597218,strong CoRT,tree,noise,7.0,low cloze,hard,True,False,noise,right,0.5,150.0,7.0,1.0,4.0,500.0,7000.0,4.0
46,trial,,46.0,"In|class,|Paula|took|out|her|notebook|and",0.42,peele,4.8,0.44721359549995787,strong CoRT,wrote,wrath,8.0,low cloze,hard,False,True,wrote,right,0.5,195.0,7.0,1.0,4.0,500.0,7000.0,4.0
47,trial,,47.0,Don|didn't|tell|Carmen|secrets|because|she|liked|to,0.49,peele,1.75,0.957427107756338,strong non-CoRT,gossip,soup,9.0,low cloze,hard,False,True,gossip,right,0.5,382.5,7.0,1.0,4.0,500.0,7000.0,4.0
48,trial,,48.0,I|had|no|key|to|open|the|locked,0.89,block_baldwin,2.0,1.1547005383792517,strong non-CoRT,door,work,8.0,high cloze,easy,False,True,door,right,0.5,352.5,7.0,1.0,4.0,500.0,7000.0,4.0
49,trial,,49.0,The|woman|applied|concealer|with|a|gentle,0.35,peele,4.8,0.4472135954999581,strong CoRT,touch,walk,7.0,low cloze,hard,True,False,walk,right,0.5,157.5,7.0,1.0,4.0,500.0,7000.0,4.0
50,trial,,50.0,When|at|the|fair|her|kids|always|have|great,0.45,peele,1.75,0.5,strong non-CoRT,times,mom,9.0,low cloze,hard,False,True,times,right,0.5,420.0,7.0,1.0,4.0,500.0,7000.0,4.0
51,trial,,51.0,The|reckless|driver|drove|too|quickly|around|the,0.42,peele,4.2,0.44721359549995787,strong CoRT,corner,joy,8.0,low cloze,hard,False,True,corner,right,0.5,232.5,7.0,1.0,4.0,500.0,7000.0,4.0
52,trial,,52.0,"Most|people,|when|they|eat|fruit,|don't|eat|the",0.31,peele,1.6,0.5477225575051662,strong non-CoRT,seeds,run,9.0,low cloze,hard,False,True,seeds,right,0.5,367.5,7.0,1.0,4.0,500.0,7000.0,4.0
53,trial,,53.0,"On|vacation,|Amy|liked|to|go|tanning|at|the",0.71,peele,2.0,1.224744871391589,strong non-CoRT,beach,search,9.0,high cloze,easy,False,True,beach,right,0.5,255.0,7.0,1.0,4.0,500.0,7000.0,4.0
54,trial,,54.0,The|hungry|baby|scrunched|its|face|and|started|to,0.74,peele,5.0,0.0,strong CoRT,cry,lap,9.0,high cloze,easy,False,True,cry,right,0.5,52.5,7.0,1.0,4.0,500.0,7000.0,4.0
55,trial,,55.0,After|his|divorce|my|neighbor|became|a|lonely,0.46,peele,2.0,1.224744871391589,strong non-CoRT,man,miss,8.0,low cloze,hard,False,True,man,right,0.5,472.5,7.0,1.0,4.0,500.0,7000.0,4.0
56,trial,,56.0,Joan|fed|her|baby|some|warm,0.88,block_baldwin,4.0,1.4142135623730951,strong CoRT,milk,mace,6.0,high cloze,easy,False,True,milk,right,0.5,82.5,7.0,1.0,4.0,500.0,7000.0,4.0
57,trial,,57.0,The|skyscraper|was|demolished|because|it|wasn't,0.31,peele,4.0,0.8164965809277259,strong CoRT,safe,leash,7.0,low cloze,hard,False,True,safe,right,0.5,135.0,7.0,1.0,4.0,500.0,7000.0,4.0
58,trial,,58.0,She|broke|up|with|him|because|it|didn't|feel,0.94,peele,2.0,1.224744871391589,strong non-CoRT,right,cat,9.0,high cloze,easy,False,True,right,right,0.5,322.5,7.0,1.0,4.0,500.0,7000.0,4.0
59,trial,,59.0,Greg|clutched|his|queasy|stomach|and|began|to,0.47,peele,4.75,0.4999999999999999,strong CoRT,vomit,sleep,8.0,low cloze,hard,False,True,vomit,right,0.5,165.0,7.0,1.0,4.0,500.0,7000.0,4.0
60,trial,,60.0,She|threw|away|the|old|paper|in|the,0.89,block_baldwin,4.142857142857143,1.4638501094227998,strong CoRT,trash,knot,8.0,high cloze,easy,False,True,trash,right,0.5,60.0,7.0,1.0,4.0,500.0,7000.0,4.0
61,trial,,61.0,Jake|could|not|choose|because|he|really|wanted,0.71,peele,1.75,0.9574271077563382,strong non-CoRT,both,should,8.0,high cloze,easy,False,True,both,right,0.5,337.5,7.0,1.0,4.0,500.0,7000.0,4.0
62,trial,,62.0,The|frightened|children|ran|from|the|growling,0.76,peele,4.8,0.44721359549995787,strong CoRT,dog,golf,7.0,high cloze,easy,False,True,dog,right,0.5,112.5,7.0,1.0,4.0,500.0,7000.0,4.0
63,trial,,63.0,He|slept|quite|deeply|and|was|almost|impossible|to,0.79,peele,1.5,0.8366600265340756,strong non-CoRT,wake,violin,9.0,high cloze,easy,False,True,wake,right,0.5,300.0,7.0,1.0,4.0,500.0,7000.0,4.0
64,break,# Well done! You got $${percent_correct}% correct!,,,,,,,,,,,,,,,,,,,,,,,,
0,trial,,0.0,Susan|bought|a|dress|so|now|she|just|needed|new,0.88,block_baldwin,2.0,0.8164965809277259,strong non-CoRT,shoes,fed,10.0,high cloze,easy,True,False,fed,right,0.5,270.0,7.0,1.0,5.0,500.0,7000.0,5.0
1,trial,,1.0,The|heavy|book|hit|the|floor|with|a|loud,0.7,peele,4.0,1.0,strong CoRT,thud,fan,9.0,high cloze,easy,True,False,fan,right,0.5,0.0,7.0,1.0,5.0,500.0,7000.0,5.0
2,trial,,2.0,Jake|hated|the|game|and|he|said|it|wasn't,0.44,peele,1.4,0.5477225575051661,strong non-CoRT,fair,road,9.0,low cloze,hard,False,True,fair,right,0.5,375.0,7.0,1.0,5.0,500.0,7000.0,5.0
3,trial,,3.0,Alexander|just|knew|that|he|would|win|the|big,0.32,peele,1.6,0.5477225575051662,strong non-CoRT,prize,move,9.0,low cloze,hard,False,True,prize,right,0.5,442.5,7.0,1.0,5.0,500.0,7000.0,5.0
4,trial,,4.0,The|young|man|quickly|pulled|the|sword|from|the,0.39,peele,4.5,1.0,strong CoRT,sheath,moon,9.0,low cloze,hard,False,True,sheath,right,0.5,172.5,7.0,1.0,5.0,500.0,7000.0,5.0
5,trial,,5.0,The|cardinals|wondered|which|of|them|would|become|the,0.5,peele,1.5,0.5773502691896257,strong non-CoRT,pope,stamp,9.0,low cloze,hard,True,False,stamp,right,0.5,390.0,7.0,1.0,5.0,500.0,7000.0,5.0
6,trial,,6.0,He|had|a|long|day|and|was|in|a|bad,0.95,block_baldwin,1.8571428571428568,1.5735915849388862,strong non-CoRT,mood,lure,10.0,high cloze,easy,False,True,mood,right,0.5,262.5,7.0,1.0,5.0,500.0,7000.0,5.0
7,trial,,7.0,The|excited|crowd|of|people|quickly|formed|a,0.35,peele,4.0,0.0,strong CoRT,mob,failure,8.0,low cloze,hard,True,False,failure,right,0.5,210.0,7.0,1.0,5.0,500.0,7000.0,5.0
8,trial,,8.0,Not|even|the|cast|liked|the,0.36,block_baldwin,1.8333333333333333,1.6020819787597222,strong non-CoRT,play,rib,6.0,low cloze,hard,True,False,rib,right,0.5,397.5,7.0,1.0,5.0,500.0,7000.0,5.0
9,trial,,9.0,Leigh|was|late|to|work|because|she'd|lost|her,0.74,peele,2.0,1.224744871391589,strong non-CoRT,keys,clown,9.0,high cloze,easy,True,False,clown,right,0.5,240.0,7.0,1.0,5.0,500.0,7000.0,5.0
10,trial,,10.0,"During|the|campfire,|the|heavy|smoke|made|Lance",0.74,peele,4.25,0.957427107756338,strong CoRT,cough,tea,8.0,high cloze,easy,False,True,cough,right,0.5,7.5,7.0,1.0,5.0,500.0,7000.0,5.0
11,trial,,11.0,"Hearing|noises|from|above,|the|confused|man|inspected|the",0.32,peele,4.5,0.8366600265340753,strong CoRT,attic,married,9.0,low cloze,hard,False,True,attic,right,0.5,225.0,7.0,1.0,5.0,500.0,7000.0,5.0
12,trial,,12.0,In|the|small|town|everyone|can|hear|the|bell,0.71,peele,2.0,1.4142135623730951,strong non-CoRT,ring,wrong,9.0,high cloze,easy,False,True,ring,right,0.5,345.0,7.0,1.0,5.0,500.0,7000.0,5.0
13,trial,,13.0,"Over|the|summer,|the|boys|went|swimming|at|the",0.5,peele,4.4,0.5477225575051661,strong CoRT,lake,bed,9.0,low cloze,hard,False,True,lake,right,0.5,202.5,7.0,1.0,5.0,500.0,7000.0,5.0
14,trial,,14.0,The|kids|ran|through|the|sprinklers|on|the|front,0.89,peele,4.75,0.4999999999999999,strong CoRT,lawn,prince,9.0,high cloze,easy,True,False,prince,right,0.5,67.5,7.0,1.0,5.0,500.0,7000.0,5.0
15,trial,,15.0,The|knight|readied|for|battle|and|drew|his,0.91,block_baldwin,4.142857142857143,1.4638501094227998,strong CoRT,sword,act,8.0,high cloze,easy,False,True,sword,right,0.5,75.0,7.0,1.0,5.0,500.0,7000.0,5.0
16,trial,,16.0,A|nearby|woman|sprayed|the|robber|with,0.8,peele,4.0,0.7071067811865476,strong CoRT,mace,budge,7.0,high cloze,easy,False,True,mace,right,0.5,97.5,7.0,1.0,5.0,500.0,7000.0,5.0
17,trial,,17.0,Some|people|don't|enjoy|food|and|only|eat|to,0.38,peele,1.75,0.5,strong non-CoRT,survive,pan,9.0,low cloze,hard,True,False,pan,right,0.5,450.0,7.0,1.0,5.0,500.0,7000.0,5.0
18,trial,,18.0,"A|clumsy|toddler,|Serena|often|spilled|her",0.34,peele,4.2,0.8366600265340756,strong CoRT,milk,shell,7.0,low cloze,hard,False,True,milk,right,0.5,217.5,7.0,1.0,5.0,500.0,7000.0,5.0
19,trial,,19.0,Jim|convinced|her|that|it|was|a|bad|prank|to,0.43,peele,1.75,0.5,strong non-CoRT,pull,vase,10.0,low cloze,hard,False,True,pull,right,0.5,405.0,7.0,1.0,5.0,500.0,7000.0,5.0
20,trial,,20.0,Everyone|ran|from|the|man|like|he|was|a,0.31,peele,4.8,0.44721359549995787,strong CoRT,monster,cry,9.0,low cloze,hard,False,True,monster,right,0.5,127.5,7.0,1.0,5.0,500.0,7000.0,5.0
21,trial,,21.0,That|boy|is|always|saying|he'll|someday|be,0.31,peele,2.0,1.7320508075688772,strong non-CoRT,famous,fear,8.0,low cloze,hard,False,True,famous,right,0.5,465.0,7.0,1.0,5.0,500.0,7000.0,5.0
22,trial,,22.0,"According|to|the|Bible,|murder|is|a",0.96,peele,2.0,0.8164965809277259,strong non-CoRT,sin,hoop,7.0,high cloze,easy,True,False,hoop,right,0.5,330.0,7.0,1.0,5.0,500.0,7000.0,5.0
23,trial,,23.0,All|the|gym|trainers|were|in|great|shape|and,0.36,peele,2.0,1.4142135623730951,strong non-CoRT,fit,home,9.0,low cloze,hard,True,False,home,right,0.5,427.5,7.0,1.0,5.0,500.0,7000.0,5.0
24,trial,,24.0,The|quarterback|faked|the|handoff|and|threw|the,0.74,block_baldwin,4.333333333333333,1.6329931618554518,strong CoRT,ball,die,8.0,high cloze,easy,True,False,die,right,0.5,90.0,7.0,1.0,5.0,500.0,7000.0,5.0
25,trial,,25.0,Jan|tried|to|squeeze|in|but|there|was|no,0.85,block_baldwin,4.142857142857143,0.6900655593423541,strong CoRT,room,fly,9.0,high cloze,easy,False,True,room,right,0.5,105.0,7.0,1.0,5.0,500.0,7000.0,5.0
26,trial,,26.0,The|British|businessman|was|the|wealthiest|in|the|whole,0.36,peele,1.0,0.0,strong non-CoRT,country,mate,9.0,low cloze,hard,False,True,country,right,0.5,457.5,7.0,1.0,5.0,500.0,7000.0,5.0
27,trial,,27.0,The|convenience|store|was|robbed|by|a|small,0.37,peele,4.0,0.0,strong CoRT,man,face,8.0,low cloze,hard,True,False,face,right,0.5,120.0,7.0,1.0,5.0,500.0,7000.0,5.0
28,trial,,28.0,Father|carved|the|turkey|with|a,0.95,block_baldwin,4.285714285714286,1.4960264830861911,strong CoRT,knife,teach,6.0,high cloze,easy,False,True,knife,right,0.5,15.0,7.0,1.0,5.0,500.0,7000.0,5.0
29,trial,,29.0,Nicola|walked|towards|the|lake|till|she|hit|the,0.44,peele,4.0,1.4142135623730951,strong CoRT,water,push,9.0,low cloze,hard,True,False,push,right,0.5,187.5,7.0,1.0,5.0,500.0,7000.0,5.0
30,trial,,30.0,Mary|was|upset|she|spilled|coffee|on|her|favorite,0.35,peele,4.75,0.5,strong CoRT,blouse,rang,9.0,low cloze,hard,False,True,blouse,right,0.5,142.5,7.0,1.0,5.0,500.0,7000.0,5.0
31,trial,,31.0,The|body|builder's|arm|muscles|were|extremely,0.4,peele,1.6,0.5477225575051662,strong non-CoRT,large,fire,7.0,low cloze,hard,True,False,fire,right,0.5,360.0,7.0,1.0,5.0,500.0,7000.0,5.0
32,trial,,32.0,The|brilliant|yet|clumsy|scientist|broke|a|glass|test,0.84,peele,4.0,1.0,strong CoRT,tube,net,9.0,high cloze,easy,False,True,tube,right,0.5,45.0,7.0,1.0,5.0,500.0,7000.0,5.0
33,trial,,33.0,Some|people|have|never|had|a|square,0.24,block_baldwin,1.1666666666666667,0.40824829046386296,strong non-CoRT,meal,done,7.0,low cloze,hard,False,True,meal,right,0.5,412.5,7.0,1.0,5.0,500.0,7000.0,5.0
34,trial,,34.0,The|boys|ran|to|the|car|carrying|their,0.34,peele,4.0,1.1547005383792517,strong CoRT,bags,ignition,8.0,low cloze,hard,False,True,bags,right,0.5,180.0,7.0,1.0,5.0,500.0,7000.0,5.0
35,trial,,35.0,Riley|ate|the|peach|and|then|she|chucked|the,0.7,peele,4.4,0.8944271909999159,strong CoRT,pit,heat,9.0,high cloze,easy,True,False,heat,right,0.5,37.5,7.0,1.0,5.0,500.0,7000.0,5.0
36,trial,,36.0,Most|shark|attacks|occur|very|close|to,0.74,block_baldwin,1.6666666666666667,1.0327955589886444,strong non-CoRT,shore,core,7.0,high cloze,easy,False,True,shore,right,0.5,315.0,7.0,1.0,5.0,500.0,7000.0,5.0
37,trial,,37.0,Without|food|a|man|would|die|in|several,0.74,block_baldwin,2.0,1.095445115010332,strong non-CoRT,days,bun,8.0,high cloze,easy,False,True,days,right,0.5,247.5,7.0,1.0,5.0,500.0,7000.0,5.0
38,trial,,38.0,After|watching|some|baseball|games|she|became|a,0.8,peele,1.6666666666666667,0.8164965809277259,strong non-CoRT,fan,roof,8.0,high cloze,easy,True,False,roof,right,0.5,307.5,7.0,1.0,5.0,500.0,7000.0,5.0
39,trial,,39.0,The|potatoes|were|seasoned|with|flakes|of|rosemary|and,0.35,peele,2.0,1.4142135623730951,strong non-CoRT,thyme,sweat,9.0,low cloze,hard,False,True,thyme,right,0.5,435.0,7.0,1.0,5.0,500.0,7000.0,5.0
40,trial,,40.0,He|turned|to|see|the|dog|charging|like|a,0.83,peele,4.4,0.5477225575051662,strong CoRT,bull,pad,9.0,high cloze,easy,True,False,pad,right,0.5,30.0,7.0,1.0,5.0,500.0,7000.0,5.0
41,trial,,41.0,For|her|school|dance|Becky|needed|a|new,0.77,block_baldwin,2.0,1.1547005383792517,strong non-CoRT,dress,ten,8.0,high cloze,easy,False,True,dress,right,0.5,285.0,7.0,1.0,5.0,500.0,7000.0,5.0
42,trial,,42.0,The|box|landed|on|the|ground|with|a|dull,0.85,peele,4.25,0.957427107756338,strong CoRT,thud,fell,9.0,high cloze,easy,False,True,thud,right,0.5,22.5,7.0,1.0,5.0,500.0,7000.0,5.0
43,trial,,43.0,The|couple|needed|an|apartment|at|a|good,0.73,peele,1.4,0.5477225575051662,strong non-CoRT,price,clean,8.0,high cloze,easy,False,True,price,right,0.5,292.5,7.0,1.0,5.0,500.0,7000.0,5.0
44,trial,,44.0,His|boss|refused|to|give|him|a,0.87,block_baldwin,1.8571428571428568,0.6900655593423541,strong non-CoRT,raise,test,7.0,high cloze,easy,True,False,test,right,0.5,277.5,7.0,1.0,5.0,500.0,7000.0,5.0
45,trial,,45.0,The|boxer|knocked|out|his|opponent|with|a|sudden,0.48,peele,4.4,1.3416407864998738,strong CoRT,punch,fan,9.0,low cloze,hard,True,False,fan,right,0.5,150.0,7.0,1.0,5.0,500.0,7000.0,5.0
46,trial,,46.0,They|were|startled|by|the|sudden,0.5,block_baldwin,4.0,1.095445115010332,strong CoRT,noise,night,6.0,low cloze,hard,False,True,noise,right,0.5,195.0,7.0,1.0,5.0,500.0,7000.0,5.0
47,trial,,47.0,Barry|said|that|accounting|work|was|no,0.35,peele,1.4,0.5477225575051661,strong non-CoRT,fun,mob,7.0,low cloze,hard,False,True,fun,right,0.5,382.5,7.0,1.0,5.0,500.0,7000.0,5.0
48,trial,,48.0,All|the|guests|had|a|very|good,0.7,block_baldwin,1.5,1.224744871391589,strong non-CoRT,stay,late,7.0,high cloze,easy,False,True,stay,right,0.5,352.5,7.0,1.0,5.0,500.0,7000.0,5.0
49,trial,,49.0,The|hungry|owl|searched|the|field|for|its,0.47,block_baldwin,4.0,1.095445115010332,strong CoRT,prey,color,8.0,low cloze,hard,True,False,color,right,0.5,157.5,7.0,1.0,5.0,500.0,7000.0,5.0
50,trial,,50.0,He|wondered|whether|it|was|coincidence|or,0.49,block_baldwin,1.8333333333333333,1.3291601358251257,strong non-CoRT,fate,cancer,7.0,low cloze,hard,False,True,fate,right,0.5,420.0,7.0,1.0,5.0,500.0,7000.0,5.0
51,trial,,51.0,The|farmer|collected|wood|to|build|a|new,0.32,peele,4.0,1.0,strong CoRT,barn,cough,8.0,low cloze,hard,False,True,barn,right,0.5,232.5,7.0,1.0,5.0,500.0,7000.0,5.0
52,trial,,52.0,Drake|didn't|like|eating|barbecued|meat|because|of|the,0.37,peele,1.75,0.5,strong non-CoRT,taste,rib,9.0,low cloze,hard,False,True,taste,right,0.5,367.5,7.0,1.0,5.0,500.0,7000.0,5.0
53,trial,,53.0,The|safest|seats|in|a|car|are|in|the,0.76,peele,1.6,0.8944271909999159,strong non-CoRT,back,color,9.0,high cloze,easy,False,True,back,right,0.5,255.0,7.0,1.0,5.0,500.0,7000.0,5.0
54,trial,,54.0,The|boy|screamed|after|he|was|stung|by|a,0.81,peele,4.2,0.8366600265340756,strong CoRT,bee,cheer,9.0,high cloze,easy,False,True,bee,right,0.5,52.5,7.0,1.0,5.0,500.0,7000.0,5.0
55,trial,,55.0,Jeff|felt|like|he|would|never|finish|at|that,0.45,peele,1.3333333333333333,0.5163977794943222,strong non-CoRT,pace,stay,9.0,low cloze,hard,False,True,pace,right,0.5,472.5,7.0,1.0,5.0,500.0,7000.0,5.0
56,trial,,56.0,The|fisherman|easily|put|the|bait|on|the,0.93,peele,4.4,0.5477225575051661,strong CoRT,hook,job,8.0,high cloze,easy,False,True,hook,right,0.5,82.5,7.0,1.0,5.0,500.0,7000.0,5.0
57,trial,,57.0,Karen|shrieked|when|she|discovered|the|dead,0.36,peele,4.4,0.5477225575051662,strong CoRT,mouse,feud,7.0,low cloze,hard,False,True,mouse,right,0.5,135.0,7.0,1.0,5.0,500.0,7000.0,5.0
58,trial,,58.0,The|queen|wasn't|demanding|so|she|was|easy|to,0.76,peele,2.0,1.2649110640673518,strong non-CoRT,please,trails,9.0,high cloze,easy,False,True,please,right,0.5,322.5,7.0,1.0,5.0,500.0,7000.0,5.0
59,trial,,59.0,Daniel|loved|Annie|and|couldn't|help|but,0.37,peele,4.0,0.8164965809277259,strong CoRT,smile,milk,7.0,low cloze,hard,False,True,smile,right,0.5,165.0,7.0,1.0,5.0,500.0,7000.0,5.0
60,trial,,60.0,The|accountant|ironed|a|shirt|before|going|to,0.9,block_baldwin,4.0,1.4142135623730951,strong CoRT,work,lies,8.0,high cloze,easy,False,True,work,right,0.5,60.0,7.0,1.0,5.0,500.0,7000.0,5.0
61,trial,,61.0,Napa|Valley|in|California|is|known|for|making,0.94,peele,1.6,0.8944271909999159,strong non-CoRT,wine,fall,8.0,high cloze,easy,False,True,wine,right,0.5,337.5,7.0,1.0,5.0,500.0,7000.0,5.0
62,trial,,62.0,When|the|man|entered|the|dog|began|to,0.88,block_baldwin,4.285714285714286,1.1126972805283737,strong CoRT,bark,beard,8.0,high cloze,easy,False,True,bark,right,0.5,112.5,7.0,1.0,5.0,500.0,7000.0,5.0
63,trial,,63.0,The|cruise|ship|had|a|water|slide|on|the,0.8,peele,2.0,2.0,strong non-CoRT,deck,lair,9.0,high cloze,easy,False,True,deck,right,0.5,300.0,7.0,1.0,5.0,500.0,7000.0,5.0
64,break,# Well done! You got $${percent_correct}% correct!,,,,,,,,,,,,,,,,,,,,,,,,
0,trial,,0.0,Be|careful|not|to|touch|the|pan|when|it's,0.99,peele,1.0,0.0,strong non-CoRT,hot,pope,9.0,high cloze,easy,True,False,pope,right,0.5,270.0,7.0,1.0,6.0,500.0,7000.0,6.0
1,trial,,1.0,Jenny|lit|the|candles|on|the|birthday,0.94,block_baldwin,4.285714285714286,1.4960264830861911,strong CoRT,cake,said,7.0,high cloze,easy,True,False,said,right,0.5,0.0,7.0,1.0,6.0,500.0,7000.0,6.0
2,trial,,2.0,George|could|not|believe|his|son|stole|a,0.41,block_baldwin,2.0,1.2649110640673518,strong non-CoRT,car,loud,8.0,low cloze,hard,False,True,car,right,0.5,375.0,7.0,1.0,6.0,500.0,7000.0,6.0
3,trial,,3.0,"In|the|morning,|Kathy|hoped|that|the|birds|wouldn't",0.39,peele,1.5,0.5773502691896257,strong non-CoRT,chirp,pin,9.0,low cloze,hard,False,True,chirp,right,0.5,442.5,7.0,1.0,6.0,500.0,7000.0,6.0
4,trial,,4.0,To|move|quickly|through|the|crowd|he|began|to,0.42,peele,4.333333333333333,0.5163977794943222,strong CoRT,run,safe,9.0,low cloze,hard,False,True,run,right,0.5,172.5,7.0,1.0,6.0,500.0,7000.0,6.0
5,trial,,5.0,The|scary|story|had|a|goblin|and|a,0.31,peele,2.0,1.224744871391589,strong non-CoRT,witch,laugh,8.0,low cloze,hard,True,False,laugh,right,0.5,390.0,7.0,1.0,6.0,500.0,7000.0,6.0
6,trial,,6.0,"For|many|people,|textbooks|are|a|good|learning",0.76,peele,1.0,0.0,strong non-CoRT,tool,vomit,8.0,high cloze,easy,False,True,tool,right,0.5,262.5,7.0,1.0,6.0,500.0,7000.0,6.0
7,trial,,7.0,Robert|reached|into|the|cabinet|for|a|bottle|of,0.32,peele,4.6,0.5477225575051661,strong CoRT,wine,beer,9.0,low cloze,hard,True,False,beer,right,0.5,210.0,7.0,1.0,6.0,500.0,7000.0,6.0
8,trial,,8.0,The|baker|said|those|lemons|were|especially,0.4,peele,1.8333333333333333,1.1690451944500122,strong non-CoRT,sour,fight,7.0,low cloze,hard,True,False,fight,right,0.5,397.5,7.0,1.0,6.0,500.0,7000.0,6.0
9,trial,,9.0,I|could|not|remember|his,0.92,block_baldwin,1.0,0.0,strong non-CoRT,name,nurse,5.0,high cloze,easy,True,False,nurse,right,0.5,240.0,7.0,1.0,6.0,500.0,7000.0,6.0
10,trial,,10.0,The|dog's|teeth|were|showing|as|he|started|to,0.77,peele,4.5,1.0,strong CoRT,growl,head,9.0,high cloze,easy,False,True,growl,right,0.5,7.5,7.0,1.0,6.0,500.0,7000.0,6.0
11,trial,,11.0,Debbie|was|disappointed|when|her|paint|began|to,0.32,peele,4.0,0.8164965809277259,strong CoRT,peel,beach,8.0,low cloze,hard,False,True,peel,right,0.5,225.0,7.0,1.0,6.0,500.0,7000.0,6.0
12,trial,,12.0,The|garbage|from|last|week|had|a|foul,0.9,block_baldwin,1.5714285714285714,1.1338934190276817,strong non-CoRT,smell,book,8.0,high cloze,easy,False,True,smell,right,0.5,345.0,7.0,1.0,6.0,500.0,7000.0,6.0
13,trial,,13.0,The|weight|of|all|the|family's|shoes|broke|the,0.36,peele,4.5,1.0,strong CoRT,shelf,grades,9.0,low cloze,hard,False,True,shelf,right,0.5,202.5,7.0,1.0,6.0,500.0,7000.0,6.0
14,trial,,14.0,"While|cooking,|Luke|accidentally|cut|himself|with|a",0.96,peele,4.2,0.8366600265340756,strong CoRT,knife,flavor,8.0,high cloze,easy,True,False,flavor,right,0.5,67.5,7.0,1.0,6.0,500.0,7000.0,6.0
15,trial,,15.0,The|infant|cried|when|she|got|stung|by|a,0.9,peele,4.2,1.3038404810405295,strong CoRT,bee,doubts,9.0,high cloze,easy,False,True,bee,right,0.5,75.0,7.0,1.0,6.0,500.0,7000.0,6.0
16,trial,,16.0,She|arrived|at|the|house|riding|a|beautiful,0.71,peele,4.5,1.0,strong CoRT,horse,pair,8.0,high cloze,easy,False,True,horse,right,0.5,97.5,7.0,1.0,6.0,500.0,7000.0,6.0
17,trial,,17.0,"When|she|thought|of|summer,|Cate|thought|of|the",0.48,peele,1.4,0.8944271909999159,strong non-CoRT,beach,school,9.0,low cloze,hard,True,False,school,right,0.5,450.0,7.0,1.0,6.0,500.0,7000.0,6.0
18,trial,,18.0,The|boy|stole|a|pencil|because|of|a,0.34,block_baldwin,4.0,0.8944271909999159,strong CoRT,test,clothes,8.0,low cloze,hard,False,True,test,right,0.5,217.5,7.0,1.0,6.0,500.0,7000.0,6.0
19,trial,,19.0,Clara|worried|that|her|first|painting|wouldn't|turn|out,0.47,peele,1.8,0.8366600265340756,strong non-CoRT,well,fence,9.0,low cloze,hard,False,True,well,right,0.5,405.0,7.0,1.0,6.0,500.0,7000.0,6.0
20,trial,,20.0,When|she|examined|the|bag|she|found|a|secret,0.39,peele,4.0,0.7071067811865476,strong CoRT,compartment,moat,9.0,low cloze,hard,False,True,compartment,right,0.5,127.5,7.0,1.0,6.0,500.0,7000.0,6.0
21,trial,,21.0,Terry|thought|the|shirt|was|bland|because|it|was,0.44,peele,1.4,0.5477225575051661,strong non-CoRT,white,walk,9.0,low cloze,hard,False,True,white,right,0.5,465.0,7.0,1.0,6.0,500.0,7000.0,6.0
22,trial,,22.0,The|Italian|restaurant|was|his|favorite|place|to,0.73,peele,2.0,1.1547005383792517,strong non-CoRT,eat,cheer,8.0,high cloze,easy,True,False,cheer,right,0.5,330.0,7.0,1.0,6.0,500.0,7000.0,6.0
23,trial,,23.0,The|state|prison|was|where|the|killer|was,0.34,block_baldwin,1.8333333333333333,1.6020819787597222,strong non-CoRT,held,deed,8.0,low cloze,hard,True,False,deed,right,0.5,427.5,7.0,1.0,6.0,500.0,7000.0,6.0
24,trial,,24.0,George|sprinted|out|the|door|because|he|was|in|a,0.87,peele,4.0,0.8164965809277259,strong CoRT,hurry,bump,10.0,high cloze,easy,True,False,bump,right,0.5,90.0,7.0,1.0,6.0,500.0,7000.0,6.0
25,trial,,25.0,Ellen|replaced|the|fuse|that|no|longer,0.86,block_baldwin,4.142857142857143,0.8997354108424375,strong CoRT,worked,bite,7.0,high cloze,easy,False,True,worked,right,0.5,105.0,7.0,1.0,6.0,500.0,7000.0,6.0
26,trial,,26.0,Some|people|are|overconfident|and|claim|they|never,0.31,peele,1.6,1.3416407864998738,strong non-CoRT,fail,difficult,8.0,low cloze,hard,False,True,fail,right,0.5,457.5,7.0,1.0,6.0,500.0,7000.0,6.0
27,trial,,27.0,Isaac|ran|to|the|water|cooler|and|filled|his,0.36,peele,4.8,0.44721359549995787,strong CoRT,cup,wine,9.0,low cloze,hard,True,False,wine,right,0.5,120.0,7.0,1.0,6.0,500.0,7000.0,6.0
28,trial,,28.0,Mona|replaced|the|hardwood|floor|in|her|kitchen|with,0.74,peele,4.0,1.0,strong CoRT,tile,change,9.0,high cloze,easy,False,True,tile,right,0.5,15.0,7.0,1.0,6.0,500.0,7000.0,6.0
29,trial,,29.0,Tom|rushed|into|the|room|when|he|heard|Ross,0.39,peele,4.4,0.8944271909999159,strong CoRT,scream,eat,9.0,low cloze,hard,True,False,eat,right,0.5,187.5,7.0,1.0,6.0,500.0,7000.0,6.0
30,trial,,30.0,When|the|boys|collided|one|got|a|swollen,0.38,peele,4.0,1.4142135623730951,strong CoRT,lip,look,8.0,low cloze,hard,False,True,lip,right,0.5,142.5,7.0,1.0,6.0,500.0,7000.0,6.0
31,trial,,31.0,The|kids|were|gullible|and|therefore|easy|to,0.45,peele,2.0,0.7071067811865476,strong non-CoRT,fool,man,8.0,low cloze,hard,True,False,man,right,0.5,360.0,7.0,1.0,6.0,500.0,7000.0,6.0
32,trial,,32.0,"Before|opening|the|gate,|Jim|lifted|the",0.75,peele,4.0,1.4142135623730951,strong CoRT,latch,made,7.0,high cloze,easy,False,True,latch,right,0.5,45.0,7.0,1.0,6.0,500.0,7000.0,6.0
33,trial,,33.0,Pam|worried|that|she'd|never|find|a|boy|to,0.45,peele,1.8,0.8366600265340756,strong non-CoRT,love,steal,9.0,low cloze,hard,False,True,love,right,0.5,412.5,7.0,1.0,6.0,500.0,7000.0,6.0
34,trial,,34.0,The|enemies|stormed|the|castle|despite|the|protective,0.39,peele,4.5,0.5773502691896257,strong CoRT,moat,god,8.0,low cloze,hard,False,True,moat,right,0.5,180.0,7.0,1.0,6.0,500.0,7000.0,6.0
35,trial,,35.0,Catherine|jogged|during|her|lunch,0.8,block_baldwin,4.0,1.2909944487358056,strong CoRT,break,pan,5.0,high cloze,easy,True,False,pan,right,0.5,37.5,7.0,1.0,6.0,500.0,7000.0,6.0
36,trial,,36.0,Zoos|have|many|animals|only|found|in|the,0.81,block_baldwin,1.5714285714285714,0.5345224838248488,strong non-CoRT,wild,boat,8.0,high cloze,easy,False,True,wild,right,0.5,315.0,7.0,1.0,6.0,500.0,7000.0,6.0
37,trial,,37.0,Ollie|was|tired|of|the|radio|playing|the|same,0.84,peele,1.75,0.957427107756338,strong non-CoRT,songs,peeve,9.0,high cloze,easy,False,True,songs,right,0.5,247.5,7.0,1.0,6.0,500.0,7000.0,6.0
38,trial,,38.0,The|laundry|detergent|failed|to|get|out|the|red,0.74,block_baldwin,2.0,1.2649110640673518,strong non-CoRT,stain,tie,9.0,high cloze,easy,True,False,tie,right,0.5,307.5,7.0,1.0,6.0,500.0,7000.0,6.0
39,trial,,39.0,The|earrings|came|in|a|beautiful|red|velvet,0.41,peele,2.0,0.7071067811865476,strong non-CoRT,box,moat,8.0,low cloze,hard,False,True,box,right,0.5,435.0,7.0,1.0,6.0,500.0,7000.0,6.0
40,trial,,40.0,"To|cool|down|the|room,|Sami|turned|on|the",0.78,peele,4.0,1.2649110640673518,strong CoRT,fan,race,9.0,high cloze,easy,True,False,race,right,0.5,30.0,7.0,1.0,6.0,500.0,7000.0,6.0
41,trial,,41.0,"John|felt|sorry,|but|it|was|not|his",0.91,block_baldwin,1.7142857142857142,1.4960264830861911,strong non-CoRT,fault,break,8.0,high cloze,easy,False,True,fault,right,0.5,285.0,7.0,1.0,6.0,500.0,7000.0,6.0
42,trial,,42.0,Charles|dunked|the|basketball|through|the,0.87,block_baldwin,4.428571428571429,1.5118578920369088,strong CoRT,hoop,will,6.0,high cloze,easy,False,True,hoop,right,0.5,22.5,7.0,1.0,6.0,500.0,7000.0,6.0
43,trial,,43.0,The|lion|wasn't,0.86,peele,1.4,0.5477225575051661,strong non-CoRT,fullcub,wild,3.0,high cloze,easy,False,True,fullcub,right,0.5,292.5,7.0,1.0,6.0,500.0,7000.0,6.0
44,trial,,44.0,The|monument|was|the|largest|constructed|to,0.73,peele,1.5,0.5773502691896257,strong non-CoRT,date,god,7.0,high cloze,easy,True,False,god,right,0.5,277.5,7.0,1.0,6.0,500.0,7000.0,6.0
45,trial,,45.0,The|startled|swimmer|screamed|when|she|saw|the|shark,0.4,peele,5.0,0.0,strong CoRT,fin,teeth,9.0,low cloze,hard,True,False,teeth,right,0.5,150.0,7.0,1.0,6.0,500.0,7000.0,6.0
46,trial,,46.0,"Once|he|heard|the|bad|news,|Mark's|face|became",0.32,peele,4.8,0.44721359549995787,strong CoRT,red,hair,9.0,low cloze,hard,False,True,red,right,0.5,195.0,7.0,1.0,6.0,500.0,7000.0,6.0
47,trial,,47.0,The|Olympic|medalist|was|sad|that|she|came|in,0.35,peele,2.0,0.8164965809277259,strong non-CoRT,second,lab,9.0,low cloze,hard,False,True,second,right,0.5,382.5,7.0,1.0,6.0,500.0,7000.0,6.0
48,trial,,48.0,I|would|drive|but|my|car|is|low|on,0.9,block_baldwin,1.8571428571428568,0.6900655593423541,strong non-CoRT,gas,pants,9.0,high cloze,easy,False,True,gas,right,0.5,352.5,7.0,1.0,6.0,500.0,7000.0,6.0
49,trial,,49.0,Jordan|was|surprised|his|dog|escaped|from|the,0.34,peele,4.0,0.8164965809277259,strong CoRT,yard,lawn,8.0,low cloze,hard,True,False,lawn,right,0.5,157.5,7.0,1.0,6.0,500.0,7000.0,6.0
50,trial,,50.0,The|couple|realized|they|needed|new|crystal,0.36,peele,1.25,0.5,strong non-CoRT,glasses,love,7.0,low cloze,hard,False,True,glasses,right,0.5,420.0,7.0,1.0,6.0,500.0,7000.0,6.0
51,trial,,51.0,Cameron|cleaned|the|spilled|milk|with|a|clean,0.33,peele,4.6,0.5477225575051661,strong CoRT,cloth,laugh,8.0,low cloze,hard,False,True,cloth,right,0.5,232.5,7.0,1.0,6.0,500.0,7000.0,6.0
52,trial,,52.0,Some|of|the|kids|thought|the|professor|wasn't,0.35,peele,2.0,0.8164965809277259,strong non-CoRT,smart,sleep,8.0,low cloze,hard,False,True,smart,right,0.5,367.5,7.0,1.0,6.0,500.0,7000.0,6.0
53,trial,,53.0,The|caboose|was|at|the|back|of|the,0.78,block_baldwin,1.8571428571428568,1.4638501094227998,strong non-CoRT,train,whine,8.0,high cloze,easy,False,True,train,right,0.5,255.0,7.0,1.0,6.0,500.0,7000.0,6.0
54,trial,,54.0,"Due|to|the|film's|sad|ending,|Lia|began|to",0.86,peele,4.166666666666667,1.3291601358251257,strong CoRT,cry,scam,9.0,high cloze,easy,False,True,cry,right,0.5,52.5,7.0,1.0,6.0,500.0,7000.0,6.0
55,trial,,55.0,Tom|held|rank|just|below|the|monarch|as|a,0.33,peele,1.6,0.8944271909999159,strong non-CoRT,prince,leg,9.0,low cloze,hard,False,True,prince,right,0.5,472.5,7.0,1.0,6.0,500.0,7000.0,6.0
56,trial,,56.0,"With|dinner,|Josephine|enjoyed|a|glass|of",0.92,peele,4.2,1.3038404810405295,strong CoRT,wine,gigs,7.0,high cloze,easy,False,True,wine,right,0.5,82.5,7.0,1.0,6.0,500.0,7000.0,6.0
57,trial,,57.0,Chase|had|to|use|special|shampoo|to|remove|the,0.34,peele,4.0,1.1547005383792517,strong CoRT,lice,worth,9.0,low cloze,hard,False,True,lice,right,0.5,135.0,7.0,1.0,6.0,500.0,7000.0,6.0
58,trial,,58.0,Pam|needs|a|new|doorbell|because|hers|doesn't,0.9,peele,1.1666666666666667,0.40824829046386296,strong non-CoRT,work,snow,8.0,high cloze,easy,False,True,work,right,0.5,322.5,7.0,1.0,6.0,500.0,7000.0,6.0
59,trial,,59.0,"The|farmer,|while|organizing,|had|to|move|a",0.35,peele,4.2,0.8366600265340756,strong CoRT,tractor,fat,8.0,low cloze,hard,False,True,tractor,right,0.5,165.0,7.0,1.0,6.0,500.0,7000.0,6.0
60,trial,,60.0,"After|getting|hit|by|the|ball,|Tyler|started|to",0.71,peele,4.666666666666667,0.5163977794943223,strong CoRT,cry,monster,9.0,high cloze,easy,False,True,cry,right,0.5,60.0,7.0,1.0,6.0,500.0,7000.0,6.0
61,trial,,61.0,Jenny|was|creative|and|loved|to|study,0.82,block_baldwin,1.5714285714285714,0.7867957924694431,strong non-CoRT,art,drink,7.0,high cloze,easy,False,True,art,right,0.5,337.5,7.0,1.0,6.0,500.0,7000.0,6.0
62,trial,,62.0,The|teacher|wrote|the|problem|on|the,0.94,block_baldwin,4.142857142857143,1.4638501094227998,strong CoRT,board,game,7.0,high cloze,easy,False,True,board,right,0.5,112.5,7.0,1.0,6.0,500.0,7000.0,6.0
63,trial,,63.0,Glasses|greatly|improved|Mrs.|Gibb’s,0.75,block_baldwin,2.0,1.095445115010332,strong non-CoRT,sight,cup,5.0,high cloze,easy,False,True,sight,right,0.5,300.0,7.0,1.0,6.0,500.0,7000.0,6.0
64,end,# End of Experiment. Thank you for participating!,,,,,,,,,,,,,,,,,,,,,,,,
