,full_sentence,last_word,answer,CoRT_descript,cloze_descript,block_num,cause_effect,dynamic_verb,orientation,negative,tense,spelling_modified,display,break,index,cloze_probability,dataset,CoRT_mean,CoRT_std,target_word,random_word,word_count,condition_name,sampled,hand,iti_dur,start_time,trial_dur,ShowProgressBar,iti_dur_ms,trial_dur_ms,randomise_blocks
0,,,,,,,,,,,,,instructions,,,,,,,,,,,,,,,,,,,
1,Timothy|was|hesitant|when|he|had|to|make|a,decision,TRUE,strong non-CoRT,low cloze,0,no,yes,person,no,past,no,trial,,0,0.4,peele,1.25,0.5,decision,heat,9,hard,FALSE,right,0.5,157.5,7,1,500,7000,
2,She|made|herself|a|sandwich|and|chips|for,lunch,TRUE,strong CoRT,high cloze,0,no,yes,person,no,past,no,trial,,1,0.9,block_baldwin,4.142857143,1.214985793,lunch,smell,8,easy,FALSE,right,0.5,0,7,1,500,7000,
3,"To|finish|seasoning|the|salmon,|Marge|needed",gray,FALSE,strong non-CoRT,low cloze,0,yes,yes,person,no,past,no,trial,,2,0.32,peele,2,1.224744871,salt,gray,7,hard,TRUE,right,0.5,165,7,1,500,7000,
4,The|dog|was|lonely|without|companions|and|started|to,whine,TRUE,strong CoRT,low cloze,0,no,yes,animal,no,present,no,trial,,3,0.39,peele,4,1.224744871,whine,hid,9,hard,FALSE,right,0.5,45,7,1,500,7000,
5,The|couple's|trip|was|ruined|when|it|began|to,rain,TRUE,strong non-CoRT,high cloze,0,yes,no,object,no,past,no,trial,,4,0.85,peele,2,0.7071067812,rain,hammer,9,easy,FALSE,right,0.5,105,7,1,500,7000,
6,The|crime|rate|has|gone|up|this,eat,FALSE,strong non-CoRT,high cloze,0,no,no,object,no,present,no,trial,,5,0.81,block_baldwin,1.142857143,0.377964473,year,eat,7,easy,TRUE,right,0.5,120,7,1,500,7000,
7,In|the|evening|grandpa|smokes|using|his,pipe,TRUE,strong CoRT,high cloze,0,no,yes,person,no,present,no,trial,,6,0.96,peele,4.4,0.5477225575,pipe,rich,7,easy,FALSE,right,0.5,22.5,7,1,500,7000,
8,Karla|had|played|the|game|and|knew|how|to,win,TRUE,strong non-CoRT,high cloze,0,yes,yes,person,no,past,no,trial,,7,0.87,peele,1.8,1.303840481,win,ran,9,easy,FALSE,right,0.5,90,7,1,500,7000,
9,Tommy|was|angry|at|his|mom|and|started|to,yell,TRUE,strong CoRT,low cloze,0,yes,no,person,no,past,no,trial,,8,0.45,peele,4,1.264911064,yell,dog,9,hard,FALSE,right,0.5,67.5,7,1,500,7000,
10,The|teacher|wrote|the|problem|on|the,game,FALSE,strong CoRT,high cloze,0,no,yes,person,no,present,no,trial,,9,0.94,block_baldwin,4.142857143,1.463850109,board,game,7,easy,TRUE,right,0.5,30,7,1,500,7000,
11,Everyone|on|the|cruise|gasped|and|pointed|out|the|massive,war,FALSE,strong CoRT,low cloze,0,yes,yes,group,no,past,no,trial,,10,0.49,peele,4.8,0.4472135955,whale,war,10,hard,TRUE,right,0.5,75,7,1,500,7000,
12,When|she|lost|her|doll|the|girl|began|to,cry,TRUE,strong CoRT,high cloze,0,yes,yes,person,no,past,no,trial,,11,0.84,peele,4.333333333,0.8164965809,cry,music,9,easy,FALSE,right,0.5,37.5,7,1,500,7000,
13,Sharon|majored|in|Education|to|learn|how|to,teach,TRUE,strong non-CoRT,high cloze,0,yes,yes,person,no,past,no,trial,,12,0.95,peele,1,0,teach,tea,8,easy,FALSE,right,0.5,127.5,7,1,500,7000,
14,The|janitor|accidentally|spilled|some|water|on|the,neat,FALSE,strong CoRT,high cloze,0,no,yes,person,no,past,no,trial,,13,0.88,block_baldwin,4.142857143,1.463850109,floor,neat,8,easy,TRUE,right,0.5,7.5,7,1,500,7000,
15,The|committed|scientist|spent|hours|working|in|the,lab,TRUE,strong CoRT,high cloze,0,no,yes,person,no,past,no,trial,,14,0.88,peele,4,0.8164965809,lab,beach,8,easy,FALSE,right,0.5,15,7,1,500,7000,
16,Andrea|watered|her|garden|with|a|small,bear,FALSE,strong CoRT,low cloze,0,no,yes,person,no,past,no,trial,,15,0.45,peele,4.4,0.894427191,hose,bear,7,hard,TRUE,right,0.5,52.5,7,1,500,7000,
17,Yolanda|wants|a|great|job|so|she|can|get,rich,TRUE,strong non-CoRT,low cloze,0,yes,no,person,no,present,no,trial,,16,0.37,peele,1.8,1.788854382,rich,pay,9,hard,FALSE,right,0.5,150,7,1,500,7000,
18,Isaac|didn't|know|what|her|behavior|could,view,FALSE,strong non-CoRT,low cloze,0,no,no,person,no,past,no,trial,,17,0.48,peele,1.25,0.5,mean,view,7,hard,TRUE,right,0.5,142.5,7,1,500,7000,
19,Malcolm|wanted|to|tidy|the|lawn|but|had|no,mower,TRUE,strong non-CoRT,low cloze,0,yes,yes,person,no,past,no,trial,,18,0.33,peele,1.75,0.5,mower,gloves,9,hard,FALSE,right,0.5,135,7,1,500,7000,
20,The|passengers|feared|capsizing|when|the|ship|began|to,rock,TRUE,strong CoRT,low cloze,0,yes,yes,group,no,past,no,trial,,19,0.36,peele,4.2,0.8366600265,rock,sit,9,hard,FALSE,right,0.5,82.5,7,1,500,7000,
21,The|young|woman|had|a|very|recognizable,face,TRUE,strong non-CoRT,low cloze,0,no,no,person,no,past,no,trial,,20,0.44,peele,1.6,0.894427191,face,hurry,7,hard,FALSE,right,0.5,172.5,7,1,500,7000,
22,The|diving|board|was|scary|because|it|was|so,beige,FALSE,strong non-CoRT,high cloze,0,yes,no,object,no,past,no,trial,,21,0.82,block_baldwin,1.857142857,1.573591585,high,beige,9,easy,TRUE,right,0.5,97.5,7,1,500,7000,
23,The|boxer|knew|that|tonight|he|had|to,win,TRUE,strong non-CoRT,high cloze,0,no,no,person,no,past,no,trial,,22,0.86,peele,2,1,win,bag,8,easy,FALSE,right,0.5,112.5,7,1,500,7000,
24,Visitors|at|the|medieval|festival|drank|honey,mead,TRUE,strong CoRT,low cloze,0,no,yes,group,no,past,no,trial,,23,0.35,peele,4,1.154700538,mead,ink,7,hard,FALSE,right,0.5,60,7,1,500,7000,
0,,,,,,,,,,,,,break,# End of Practice. You got $${percent_correct}% correct! You are now going to start the experiment!,,,,,,,,,,,,,,,,,,
1,The|castle|was|protected|by|its|stone,tire,FALSE,strong non-CoRT,high cloze,1,no,no,object,no,past,no,trial,,0,0.86,block_baldwin,1.142857143,0.377964473,walls,tire,7,easy,TRUE,right,0.5,270,7,1,500,7000,1
2,"She|didn't|give|him|a|long|kiss,|just|a",water,FALSE,strong CoRT,high cloze,1,no,yes,person,yes,past,no,trial,,1,0.87,peele,4,0,peck,water,9,easy,TRUE,right,0.5,0,7,1,500,7000,1
3,All|the|professional|athlete|wanted|was|a|back,rub,TRUE,strong non-CoRT,low cloze,1,no,no,person,no,past,no,trial,,2,0.38,peele,2,1,rub,tent,8,hard,FALSE,right,0.5,375,7,1,500,7000,1
4,"Lately,|Sam|has|felt|like|he|is|in|a",rut,TRUE,strong non-CoRT,low cloze,1,no,no,person,no,present,no,trial,,3,0.43,peele,1.8,0.8366600265,rut,flip,9,hard,FALSE,right,0.5,442.5,7,1,500,7000,1
5,"Before|descending|the|canyon,|we|hiked|the",trail,TRUE,strong CoRT,low cloze,1,yes,yes,group,no,past,yes,trial,,4,0.41,peele,4,1.154700538,trail,dress,7,hard,FALSE,right,0.5,172.5,7,1,500,7000,1
6,Clay|refused|to|settle|down|and|buy|his|own,scared,FALSE,strong non-CoRT,low cloze,1,no,yes,person,no,past,no,trial,,5,0.47,peele,1.8,0.8366600265,house,scared,9,hard,TRUE,right,0.5,390,7,1,500,7000,1
7,The|patient's|broken|arm|took|awhile|to,heal,TRUE,strong non-CoRT,high cloze,1,no,no,object,no,past,no,trial,,6,0.88,peele,1.8,0.8366600265,heal,shiver,7,easy,FALSE,right,0.5,262.5,7,1,500,7000,1
8,"After|Grace|slipped|on|the|floor,|she|bought|a",wind,FALSE,strong CoRT,low cloze,1,yes,yes,person,no,past,no,trial,,7,0.45,peele,4,1.414213562,rug,wind,9,hard,TRUE,right,0.5,210,7,1,500,7000,1
9,The|tourists|enjoyed|looking|at|the|scenic,joke,FALSE,strong non-CoRT,low cloze,1,no,yes,group,no,past,no,trial,,8,0.39,peele,1.75,0.9574271078,view,joke,7,hard,TRUE,right,0.5,397.5,7,1,500,7000,1
10,I|had|no|key|to|open|the|locked,work,FALSE,strong non-CoRT,high cloze,1,yes,yes,person,yes,past,no,trial,,9,0.89,block_baldwin,2,1.154700538,door,work,8,easy,TRUE,right,0.5,240,7,1,500,7000,1
11,When|the|alarm|rang|the|firefighter|slid|down|the,pole,TRUE,strong CoRT,high cloze,1,yes,yes,person,no,past,no,trial,,10,0.94,block_baldwin,4.428571429,1.511857892,pole,thief,9,easy,FALSE,right,0.5,7.5,7,1,500,7000,1
12,"When|the|building|came|down,|there|was|a|loud",crash,TRUE,strong CoRT,low cloze,1,yes,yes,object,no,past,no,trial,,11,0.49,peele,4.25,0.5,crash,port,9,hard,FALSE,right,0.5,225,7,1,500,7000,1
13,Although|Keith|bowled|well|he|did|not|have|the|highest,score,TRUE,strong non-CoRT,high cloze,1,yes,yes,person,yes,past,no,trial,,12,0.94,block_baldwin,2,1.154700538,score,limited,10,easy,FALSE,right,0.5,345,7,1,500,7000,1
14,At|recess|the|younger|children|usually|play,tag,TRUE,strong CoRT,low cloze,1,no,yes,group,no,present,no,trial,,13,0.42,peele,4.2,0.8366600265,tag,knot,7,hard,FALSE,right,0.5,202.5,7,1,500,7000,1
15,The|boy|screamed|after|he|was|stung|by|a,cheer,FALSE,strong CoRT,high cloze,1,yes,yes,person,no,past,no,trial,,14,0.81,peele,4.2,0.8366600265,bee,cheer,9,easy,TRUE,right,0.5,67.5,7,1,500,7000,1
16,Ellen|replaced|the|fuse|that|no|longer,worked,TRUE,strong CoRT,high cloze,1,no,yes,person,no,past,no,trial,,15,0.86,block_baldwin,4.142857143,0.8997354108,worked,bite,7,easy,FALSE,right,0.5,75,7,1,500,7000,1
17,"When|the|two|met,|one|of|them|held|out|his",hand,TRUE,strong CoRT,high cloze,1,yes,yes,group,no,past,no,trial,,16,0.95,block_baldwin,4,1,hand,choke,10,easy,FALSE,right,0.5,97.5,7,1,500,7000,1
18,There|is|a|bit|of|cyanide|in|each|apple,horse,FALSE,strong non-CoRT,low cloze,1,no,no,object,no,present,no,trial,,17,0.48,peele,2,1.414213562,seed,horse,9,hard,TRUE,right,0.5,450,7,1,500,7000,1
19,Kyle|carefully|scooped|the|honey|out|of|the,jar,TRUE,strong CoRT,low cloze,1,no,yes,person,no,past,no,trial,,18,0.5,peele,4.6,0.5477225575,jar,sit,8,hard,FALSE,right,0.5,217.5,7,1,500,7000,1
20,She|did|not|have|the|right|key|for|the,lock,TRUE,strong non-CoRT,low cloze,1,no,no,person,yes,past,no,trial,,19,0.44,block_baldwin,1.166666667,0.4082482905,lock,blood,9,hard,FALSE,right,0.5,405,7,1,500,7000,1
21,"During|the|earthquake,|many|of|the|small|buildings",collapsed,TRUE,strong CoRT,low cloze,1,yes,no,object,no,past,no,trial,,20,0.39,peele,4,0,collapsed,fit,8,hard,FALSE,right,0.5,127.5,7,1,500,7000,1
22,The|crazy|old|lady|was|thought|of|as|a,witch,TRUE,strong non-CoRT,low cloze,1,no,no,person,no,past,no,trial,,21,0.45,peele,1.666666667,1.211060142,witch,alive,9,hard,FALSE,right,0.5,465,7,1,500,7000,1
23,The|building|isn't|for|sale|but|it's|available|to,mold,FALSE,strong non-CoRT,high cloze,1,no,no,object,yes,present,no,trial,,22,0.81,peele,1.25,0.5,rent,mold,9,easy,TRUE,right,0.5,330,7,1,500,7000,1
24,Ian's|favorite|pie|was|either|apple|or,mail,FALSE,strong non-CoRT,low cloze,1,no,no,object,no,present,no,trial,,23,0.43,peele,1.25,0.5,cherry,mail,7,hard,TRUE,right,0.5,427.5,7,1,500,7000,1
25,Bill|jumped|in|the|lake|and|made|a|big,wife,FALSE,strong CoRT,high cloze,1,yes,yes,person,no,past,no,trial,,24,0.92,block_baldwin,4.857142857,0.377964473,splash,wife,9,easy,TRUE,right,0.5,90,7,1,500,7000,1
26,"To|avoid|hitting|her|head,|she|had|to",duck,TRUE,strong CoRT,high cloze,1,yes,yes,person,yes,past,no,trial,,25,0.85,peele,4.5,0.5773502692,duck,deed,8,easy,FALSE,right,0.5,105,7,1,500,7000,1
27,Everyone|thought|the|pasta|dish|needed|more,salt,TRUE,strong non-CoRT,low cloze,1,no,no,group,no,past,no,trial,,26,0.31,peele,2,0.7071067812,salt,purse,7,hard,FALSE,right,0.5,457.5,7,1,500,7000,1
28,The|rambunctious|dog|pulled|and|tugged|against|the,bake,FALSE,strong CoRT,low cloze,1,no,yes,animal,no,past,no,trial,,27,0.49,peele,5,0,leash,bake,8,hard,TRUE,right,0.5,120,7,1,500,7000,1
29,"After|washing|his|hands,|Brandon|dried|them|with|a",towel,TRUE,strong CoRT,high cloze,1,yes,yes,person,no,past,no,trial,,28,0.96,peele,4,0.8164965809,towel,dam,9,easy,FALSE,right,0.5,15,7,1,500,7000,1
30,Marcus|struggled|to|build|a|birdhouse|even|with|the,real,FALSE,strong CoRT,low cloze,1,no,yes,person,no,past,no,trial,,29,0.39,peele,4.8,0.4472135955,instructions,real,9,hard,TRUE,right,0.5,187.5,7,1,500,7000,1
31,"The|simple,|fun|camp|game|soon|escalated|into|a",fight,TRUE,strong CoRT,low cloze,1,no,yes,object,no,past,no,trial,,30,0.5,peele,4.4,0.5477225575,fight,lawn,9,hard,FALSE,right,0.5,142.5,7,1,500,7000,1
32,His|favorite|place|to|relax|is|on|the,fin,FALSE,strong non-CoRT,low cloze,1,no,yes,object,no,present,no,trial,,31,0.41,peele,1.4,0.5477225575,beach,fin,8,hard,TRUE,right,0.5,360,7,1,500,7000,1
33,Ana|accidentally|tripped|and|fell|down|the,stairs,TRUE,strong CoRT,high cloze,1,yes,yes,person,no,past,no,trial,,32,0.88,block_baldwin,4.285714286,1.496026483,stairs,rock,7,easy,FALSE,right,0.5,45,7,1,500,7000,1
34,The|woman's|earring|was|a|small|silver,hoop,TRUE,strong non-CoRT,low cloze,1,no,no,object,no,past,no,trial,,33,0.32,peele,1.8,1.095445115,hoop,curse,7,hard,FALSE,right,0.5,412.5,7,1,500,7000,1
35,He|blew|out|his|cigarette|smoke|in|a|small,puff,TRUE,strong CoRT,low cloze,1,no,yes,person,no,past,no,trial,,34,0.34,peele,4.75,0.5,puff,pipe,9,hard,FALSE,right,0.5,180,7,1,500,7000,1
36,Jenny|lit|the|candles|on|the|birthday,said,FALSE,strong CoRT,high cloze,1,no,yes,person,no,past,no,trial,,35,0.94,block_baldwin,4.285714286,1.496026483,cake,said,7,easy,TRUE,right,0.5,37.5,7,1,500,7000,1
37,"According|to|the|Bible,|murder|is|a",sin,TRUE,strong non-CoRT,high cloze,1,no,no,object,no,present,no,trial,,36,0.96,peele,2,0.8164965809,sin,hoop,7,easy,FALSE,right,0.5,315,7,1,500,7000,1
38,Don't|believe|everything|you,hear,TRUE,strong non-CoRT,high cloze,1,no,no,object,no,present,no,trial,,37,0.82,block_baldwin,1.571428571,1.133893419,hear,pot,4,easy,FALSE,right,0.5,247.5,7,1,500,7000,1
39,Patrick|did|not|think|Kayla|was|worth|fighting,music,FALSE,strong non-CoRT,high cloze,1,no,yes,person,yes,past,no,trial,,38,0.8,peele,1.4,0.5477225575,for,music,8,easy,TRUE,right,0.5,307.5,7,1,500,7000,1
40,Sally|heard|that|our|new|teacher|was|impossible|to,please,TRUE,strong non-CoRT,low cloze,1,no,yes,person,no,past,no,trial,,39,0.48,peele,1.2,0.4472135955,please,joke,9,hard,FALSE,right,0.5,435,7,1,500,7000,1
41,After|the|recital|she|faced|the|audience|and|took|a,float,FALSE,strong CoRT,high cloze,1,yes,yes,person,no,past,no,trial,,40,0.89,block_baldwin,4.142857143,1.069044968,bow,float,10,easy,TRUE,right,0.5,30,7,1,500,7000,1
42,Kennedy|told|her|mom|she|felt|stuck|in|a,rut,TRUE,strong non-CoRT,high cloze,1,no,yes,person,no,past,no,trial,,41,0.87,peele,2,1,rut,dive,9,easy,FALSE,right,0.5,285,7,1,500,7000,1
43,"After|driving|over|sharp|glass,|Ronald|had|a|flat",tire,TRUE,strong CoRT,high cloze,1,yes,yes,person,no,past,no,trial,,42,1,peele,4.4,0.894427191,tire,loan,9,easy,FALSE,right,0.5,22.5,7,1,500,7000,1
44,It|was|announced|that|the|two|companies|would,merge,TRUE,strong non-CoRT,high cloze,1,no,yes,object,no,past,yes,trial,,43,0.96,peele,1.25,0.5,merge,cry,9,easy,FALSE,right,0.5,292.5,7,1,500,7000,1
45,During|the|holidays|it|is|very|expensive|to|book|a,meditate,FALSE,strong non-CoRT,high cloze,1,no,yes,object,no,present,yes,trial,,44,0.81,block_baldwin,1.857142857,0.8997354108,flight,meditate,10,easy,TRUE,right,0.5,277.5,7,1,500,7000,1
46,"After|the|engine|took|on|water,|the|car|began|to",hair,FALSE,strong CoRT,low cloze,1,yes,yes,object,no,past,yes,trial,,45,0.37,block_baldwin,4,0.632455532,stall,hair,10,hard,TRUE,right,0.5,150,7,1,500,7000,1
47,"To|enter|the|castle,|she|rode|across|a",bridge,TRUE,strong CoRT,low cloze,1,yes,yes,person,no,past,yes,trial,,46,0.4,peele,4.5,0.5773502692,bridge,fit,8,hard,FALSE,right,0.5,195,7,1,500,7000,1
48,France|is|a|country|that|is|famous|for,wine,TRUE,strong non-CoRT,low cloze,1,no,no,object,no,present,no,trial,,47,0.31,peele,2,1.732050808,wine,cave,8,hard,FALSE,right,0.5,382.5,7,1,500,7000,1
49,Tammy|was|not|a|gambler|because|she|had|bad,luck,TRUE,strong non-CoRT,high cloze,1,yes,no,person,yes,past,no,trial,,48,0.86,block_baldwin,1.857142857,1.463850109,luck,cut,9,easy,FALSE,right,0.5,352.5,7,1,500,7000,1
50,"Instead|of|buying|a|new|phone,|Shannon|replaced|the",fool,FALSE,strong CoRT,low cloze,1,yes,yes,person,no,past,no,trial,,49,0.36,peele,4.25,0.5,battery,fool,9,hard,TRUE,right,0.5,157.5,7,1,500,7000,1
51,His|car|is|huge|so|it's|too|heavy|to,push,TRUE,strong non-CoRT,low cloze,1,yes,no,object,no,present,no,trial,,50,0.44,peele,2,1.224744871,push,cold,9,hard,FALSE,right,0.5,420,7,1,500,7000,1
52,"Tired|of|beige|walls,|Ingrid|painted|them|a|bold",red,TRUE,strong CoRT,low cloze,1,yes,yes,person,no,past,no,trial,,51,0.38,peele,4.4,0.894427191,red,chirp,9,hard,FALSE,right,0.5,232.5,7,1,500,7000,1
53,Weddings|bring|out|excitement|and|general|feelings|of,joy,TRUE,strong non-CoRT,low cloze,1,no,no,object,no,present,no,trial,,52,0.34,peele,1.166666667,0.4082482905,joy,bully,8,hard,FALSE,right,0.5,367.5,7,1,500,7000,1
54,The|gas|station|is|about|two|miles|down|the,road,TRUE,strong non-CoRT,high cloze,1,no,no,object,no,present,no,trial,,53,0.88,block_baldwin,1,0,road,late,9,easy,FALSE,right,0.5,255,7,1,500,7000,1
55,The|boat|passed|easily|under|the,bridge,TRUE,strong CoRT,high cloze,1,no,yes,object,no,past,no,trial,,54,0.89,block_baldwin,4,1.414213562,bridge,lodge,6,easy,FALSE,right,0.5,52.5,7,1,500,7000,1
56,The|company|said|they|were|looking|to,hire,TRUE,strong non-CoRT,low cloze,1,no,yes,object,no,past,no,trial,,55,0.37,peele,1.25,0.5,hire,leak,7,hard,FALSE,right,0.5,472.5,7,1,500,7000,1
57,He|loosened|the|tie|around|his,neck,TRUE,strong CoRT,high cloze,1,no,yes,object,no,past,no,trial,,56,0.97,block_baldwin,4.428571429,1.511857892,neck,win,6,easy,FALSE,right,0.5,82.5,7,1,500,7000,1
58,A|stray|baseball|smacked|an|unsuspecting|walker|in|the,head,TRUE,strong CoRT,low cloze,1,no,yes,object,no,past,no,trial,,57,0.45,peele,4.2,0.8366600265,head,queen,9,hard,FALSE,right,0.5,135,7,1,500,7000,1
59,The|woman’s|shirt|was|so|worn|it|had|a,hole,TRUE,strong non-CoRT,high cloze,1,no,no,object,no,past,no,trial,,58,0.86,block_baldwin,1.571428571,1.511857892,hole,pencil,9,easy,FALSE,right,0.5,322.5,7,1,500,7000,1
60,"When|the|robber|trapped|Dorothy,|she|began|to",cry,TRUE,strong CoRT,low cloze,1,yes,yes,person,no,past,no,trial,,59,0.37,peele,4.333333333,0.8164965809,cry,glass,8,hard,FALSE,right,0.5,165,7,1,500,7000,1
61,Charles|dunked|the|basketball|through|the,hoop,TRUE,strong CoRT,high cloze,1,no,yes,person,no,past,no,trial,,60,0.87,block_baldwin,4.428571429,1.511857892,hoop,will,6,easy,FALSE,right,0.5,60,7,1,500,7000,1
63,Dean|dropped|the|cookies|and|had|to|make|a|fresh,batch,TRUE,strong CoRT,high cloze,1,yes,yes,person,no,past,no,trial,,62,0.95,peele,4.8,0.4472135955,batch,gap,10,easy,FALSE,right,0.5,112.5,7,1,500,7000,1
64,After|missing|lunch|Harry|badly|needed|some,food,TRUE,strong non-CoRT,high cloze,1,yes,yes,person,no,past,no,trial,,63,0.84,peele,2,1.414213562,food,fall,7,easy,FALSE,right,0.5,300,7,1,500,7000,1
62,The|elementary|school|girl|loved|to|hula,hoop,TRUE,strong non-CoRT,high cloze,1,no,no,person,no,past,no,trial,,61,0.83,peele,1.8,0.8366600265,hoop,soon,7,easy,FALSE,right,0.5,337.5,7,1,500,7000,1
65,,,,,,,,,,,,,break,# Well done! You got $${percent_correct}% correct!,,,,,,,,,,,,,,,,,,
0,The|teacher|was|afraid|of|germs|and|getting,mutt,FALSE,strong non-CoRT,high cloze,2,no,yes,person,no,past,no,trial,,0,0.92,peele,1.8,1.303840481,sick,mutt,8,easy,TRUE,right,0.5,270,7,1,500,7000,2
1,The|man|presented|his|new|fiancée|with|an|expensive,due,FALSE,strong CoRT,high cloze,2,no,yes,person,no,past,no,trial,,1,0.81,block_baldwin,4,1.414213562,ring,due,9,easy,TRUE,right,0.5,0,7,1,500,7000,2
2,Andrew's|favorite|type|of|fruit|is|the,apple,TRUE,strong non-CoRT,low cloze,2,no,no,object,no,present,no,trial,,2,0.31,peele,1.666666667,0.5773502692,apple,fuss,7,hard,FALSE,right,0.5,375,7,1,500,7000,2
3,The|vacuum's|defects|affected|its|ability|to,clean,TRUE,strong non-CoRT,low cloze,2,no,yes,object,no,past,no,trial,,3,0.38,peele,1,0,clean,year,7,hard,FALSE,right,0.5,442.5,7,1,500,7000,2
4,Rachel|missed|her|appointment|after|writing|down|the|wrong,address,TRUE,strong CoRT,low cloze,2,yes,yes,person,no,past,no,trial,,4,0.36,peele,4,1,address,charge,9,hard,FALSE,right,0.5,172.5,7,1,500,7000,2
5,"For|a|runner,|Ted|is|rather",hook,FALSE,strong non-CoRT,low cloze,2,yes,no,person,no,present,yes,trial,,5,0.5,block_baldwin,1.833333333,1.169045194,slow,hook,6,hard,TRUE,right,0.5,390,7,1,500,7000,2
6,Jamie|preferred|to|use|cooking|foil|made|of,aluminum,TRUE,strong non-CoRT,high cloze,2,no,yes,person,no,past,no,trial,,6,0.81,peele,1.5,1,aluminum,gang,8,easy,FALSE,right,0.5,262.5,7,1,500,7000,2
7,"In|woodshop,|Alex|smoothed|the|baseball|bat|with|the",lettuce,FALSE,strong CoRT,low cloze,2,yes,yes,person,no,past,no,trial,,7,0.32,peele,4.75,0.5,sander,lettuce,9,hard,TRUE,right,0.5,210,7,1,500,7000,2
8,Spaghetti|is|the|girl's|favorite|type|of,tang,FALSE,strong non-CoRT,low cloze,2,no,no,object,no,present,no,trial,,8,0.49,peele,1.6,0.5477225575,food,tang,7,hard,TRUE,right,0.5,397.5,7,1,500,7000,2
9,"John|felt|sorry,|but|it|was|not|his",brake,FALSE,strong non-CoRT,high cloze,2,no,no,person,no,past,no,trial,,9,0.91,block_baldwin,1.714285714,1.496026483,fault,brake,8,easy,TRUE,right,0.5,240,7,1,500,7000,2
10,"After|she|bought|the|dress,|she|ripped|off|its",tag,TRUE,strong CoRT,high cloze,2,yes,yes,person,no,past,yes,trial,,10,0.81,peele,4.8,0.4472135955,tag,smart,9,easy,FALSE,right,0.5,7.5,7,1,500,7000,2
11,"The|toddler|enjoyed|feeding|bread|to|the|fat,|white",duck,TRUE,strong CoRT,low cloze,2,no,yes,person,no,past,no,trial,,11,0.5,peele,4.5,0.5773502692,duck,lobe,9,hard,FALSE,right,0.5,225,7,1,500,7000,2
12,Spring|was|Jo’s|favorite|season|of|the,year,TRUE,strong non-CoRT,high cloze,2,no,no,object,no,past,no,trial,,12,0.94,block_baldwin,1.428571429,1.133893419,year,witch,7,easy,FALSE,right,0.5,345,7,1,500,7000,2
13,The|baby's|ice|cream|was|snatched|up|by|the,dog,TRUE,strong CoRT,low cloze,2,no,yes,object,no,past,no,trial,,13,0.47,peele,4.5,0.5773502692,dog,time,9,hard,FALSE,right,0.5,202.5,7,1,500,7000,2
14,The|farmer|spends|the|morning|milking|his,legs,FALSE,strong CoRT,high cloze,2,no,yes,person,no,present,yes,trial,,14,0.94,block_baldwin,4.285714286,1.496026483,cows,legs,7,easy,TRUE,right,0.5,67.5,7,1,500,7000,2
15,The|thief|ran|by|and|snatched|the|lady’s,purse,TRUE,strong CoRT,high cloze,2,yes,yes,person,no,past,no,trial,,15,0.87,block_baldwin,4.428571429,1.511857892,purse,gym,8,easy,FALSE,right,0.5,75,7,1,500,7000,2
16,She|threw|away|the|old|paper|in|the,trash,TRUE,strong CoRT,high cloze,2,no,yes,person,no,past,no,trial,,16,0.89,block_baldwin,4.142857143,1.463850109,trash,knot,8,easy,FALSE,right,0.5,97.5,7,1,500,7000,2
17,They|believe|the|most|pious|man|is|the,blanket,FALSE,strong non-CoRT,low cloze,2,no,no,group,no,present,no,trial,,17,0.38,peele,2,1.414213562,pope,blanket,8,hard,TRUE,right,0.5,450,7,1,500,7000,2
18,"After|returning|home,|Sharon|hung|her|jacket|on|the",hook,TRUE,strong CoRT,low cloze,2,yes,yes,person,no,past,no,trial,,18,0.43,peele,4.8,0.4472135955,hook,live,9,hard,FALSE,right,0.5,217.5,7,1,500,7000,2
19,Meg|hated|that|cleaning|the|bathroom|was|her,chore,TRUE,strong non-CoRT,low cloze,2,no,yes,person,no,past,no,trial,,19,0.47,peele,1.75,0.9574271078,chore,do,8,hard,FALSE,right,0.5,405,7,1,500,7000,2
20,The|captain|steered|the|ship|and|narrowly|avoided|the,iceberg,TRUE,strong CoRT,low cloze,2,yes,yes,person,no,past,no,trial,,20,0.34,peele,4.75,0.5,iceberg,arm,9,hard,FALSE,right,0.5,127.5,7,1,500,7000,2
21,Many|women|are|very|conscious|of|their,weight,TRUE,strong non-CoRT,low cloze,2,no,no,group,no,present,no,trial,,21,0.32,peele,1.4,0.5477225575,weight,choke,7,hard,FALSE,right,0.5,465,7,1,500,7000,2
22,The|little|girl|was|very|afraid|of|the,leg,FALSE,strong non-CoRT,high cloze,2,no,no,person,no,past,no,trial,,22,0.81,block_baldwin,1.857142857,1.069044968,dark,leg,8,easy,TRUE,right,0.5,330,7,1,500,7000,2
23,The|villagers|had|never|ventured|out|of|the,stare,FALSE,strong non-CoRT,low cloze,2,no,yes,group,yes,past,no,trial,,23,0.32,peele,1.2,0.4472135955,village,stare,8,hard,TRUE,right,0.5,427.5,7,1,500,7000,2
24,"After|receiving|bad|news,|the|patient|began|to",steroids,FALSE,strong CoRT,high cloze,2,yes,yes,person,no,past,no,trial,,24,0.83,peele,4.166666667,0.9831920803,cry,steroids,8,easy,TRUE,right,0.5,90,7,1,500,7000,2
25,The|officer|barged|in|and|quickly|flashed|his,badge,TRUE,strong CoRT,high cloze,2,yes,yes,person,no,past,no,trial,,25,0.81,peele,4.75,0.5,badge,shook,8,easy,FALSE,right,0.5,105,7,1,500,7000,2
26,A|black|European|crow|is|sometimes|called|a,raven,TRUE,strong non-CoRT,low cloze,2,no,yes,animal,no,present,no,trial,,26,0.42,peele,1.5,1,raven,solution,8,hard,FALSE,right,0.5,457.5,7,1,500,7000,2
27,Frank|read|by|the|fireplace|while|his|grandmother,reach,FALSE,strong CoRT,low cloze,2,no,yes,person,no,present,no,trial,,27,0.4,peele,4.4,0.894427191,knitted,reach,8,hard,TRUE,right,0.5,120,7,1,500,7000,2
28,When|she|got|out|of|the|car|she|closed|the,door,TRUE,strong CoRT,high cloze,2,yes,yes,person,no,past,no,trial,,28,0.95,block_baldwin,4,1.414213562,door,steep,10,easy,FALSE,right,0.5,15,7,1,500,7000,2
29,The|child|looked|outside|and|watched|the|flying,cry,FALSE,strong CoRT,low cloze,2,yes,yes,person,no,past,no,trial,,29,0.4,peele,4,0.7071067812,birds,cry,8,hard,TRUE,right,0.5,187.5,7,1,500,7000,2
30,They|broke|into|the|store|and|began|to,steal,TRUE,strong CoRT,low cloze,2,yes,yes,group,no,past,no,trial,,30,0.42,peele,4.6,0.5477225575,steal,joke,8,hard,FALSE,right,0.5,142.5,7,1,500,7000,2
31,Larry's|motto|was|always|do|what|you,gone,FALSE,strong non-CoRT,low cloze,2,no,no,object,no,past,no,trial,,31,0.5,peele,1.25,0.5,want,gone,7,hard,TRUE,right,0.5,360,7,1,500,7000,2
32,The|dog|ran|inside|just|before|it|started|to,rain,TRUE,strong CoRT,high cloze,2,no,yes,animal,no,past,no,trial,,32,0.82,peele,4.2,0.8366600265,rain,bake,9,easy,FALSE,right,0.5,45,7,1,500,7000,2
33,Many|people|will|carry|important|items|in|a,bag,TRUE,strong non-CoRT,low cloze,2,no,yes,group,no,future,no,trial,,33,0.37,peele,1.5,1,bag,jar,8,hard,FALSE,right,0.5,412.5,7,1,500,7000,2
34,"Before|placing|each|brick,|he|applied|a|glob|of",cement,TRUE,strong CoRT,low cloze,2,yes,yes,person,no,past,yes,trial,,34,0.46,peele,4.666666667,0.5773502692,cement,garden,9,hard,FALSE,right,0.5,180,7,1,500,7000,2
35,"When|Jen|showed|the|treat,|Maggie's|tail|began|to",map,FALSE,strong CoRT,high cloze,2,yes,yes,animal,no,past,no,trial,,35,0.96,peele,4,0.8164965809,wag,map,9,easy,TRUE,right,0.5,37.5,7,1,500,7000,2
36,For|breakfast|Jim|wanted|bacon|and,eggs,TRUE,strong non-CoRT,high cloze,2,no,no,person,no,past,no,trial,,36,0.91,block_baldwin,1.428571429,0.7867957925,eggs,ball,6,easy,FALSE,right,0.5,315,7,1,500,7000,2
37,I|could|not|remember|his,name,TRUE,strong non-CoRT,high cloze,2,no,no,person,yes,past,no,trial,,37,0.92,block_baldwin,1,0,name,nurse,5,easy,FALSE,right,0.5,247.5,7,1,500,7000,2
38,The|new|officer|was|of|a|higher,pencils,FALSE,strong non-CoRT,high cloze,2,no,no,person,no,past,no,trial,,38,0.81,block_baldwin,1.285714286,0.755928946,rank,pencils,7,easy,TRUE,right,0.5,307.5,7,1,500,7000,2
39,There|was|not|room|for|the|triplets|in|the,car,TRUE,strong non-CoRT,low cloze,2,no,no,group,yes,past,no,trial,,39,0.34,peele,2,0.8164965809,car,train,9,hard,FALSE,right,0.5,435,7,1,500,7000,2
40,George|sprinted|out|the|door|because|he|was|in|a,bump,FALSE,strong CoRT,high cloze,2,yes,yes,person,no,past,no,trial,,40,0.87,peele,4,0.8164965809,hurry,bump,10,easy,TRUE,right,0.5,30,7,1,500,7000,2
41,"At|the|rock|concert,|the|music|was|extremely",loud,TRUE,strong non-CoRT,high cloze,2,no,no,object,no,past,no,trial,,41,0.98,peele,1.833333333,0.9831920803,loud,tear,8,easy,FALSE,right,0.5,285,7,1,500,7000,2
42,The|knight|prepared|for|battle|and|drew|his,sword,TRUE,strong CoRT,high cloze,2,yes,yes,person,no,past,yes,trial,,42,0.91,block_baldwin,4.142857143,1.463850109,sword,act,8,easy,FALSE,right,0.5,22.5,7,1,500,7000,2
43,Ollie|was|tired|of|the|radio|playing|the|same,songs,TRUE,strong non-CoRT,high cloze,2,no,yes,person,no,past,no,trial,,43,0.84,peele,1.75,0.9574271078,songs,peeve,9,easy,FALSE,right,0.5,292.5,7,1,500,7000,2
44,"An|almond|is|a|type|of|seed,|not|a",plan,FALSE,strong non-CoRT,high cloze,2,no,no,object,no,present,no,trial,,44,0.87,peele,1.5,1,nut,plan,9,easy,TRUE,right,0.5,277.5,7,1,500,7000,2
45,Helen|removed|the|paint|from|her|face|with|a,sin,FALSE,strong CoRT,low cloze,2,no,yes,person,no,past,no,trial,,45,0.33,peele,4.8,0.4472135955,cloth,sin,9,hard,TRUE,right,0.5,150,7,1,500,7000,2
46,His|brand|new|soccer|ball|landed|in|the,mud,TRUE,strong CoRT,low cloze,2,no,yes,object,no,past,yes,trial,,46,0.34,peele,4,1.732050808,mud,drip,8,hard,FALSE,right,0.5,195,7,1,500,7000,2
47,Quinn|was|surprised|that|Mariah|didn't|believe|in,god,TRUE,strong non-CoRT,low cloze,2,no,no,person,no,past,no,trial,,47,0.43,peele,1.8,0.8366600265,god,give,8,hard,FALSE,right,0.5,382.5,7,1,500,7000,2
48,Chocolate|is|made|from|the|roasted|cacao,bean,TRUE,strong non-CoRT,high cloze,2,no,yes,object,no,present,no,trial,,48,0.84,peele,1.8,0.4472135955,bean,decision,7,easy,FALSE,right,0.5,352.5,7,1,500,7000,2
49,The|princess|was|pulled|onto|the|horse|by|the,dead,FALSE,strong CoRT,low cloze,2,no,yes,person,no,past,no,trial,,49,0.37,peele,4.4,0.894427191,prince,dead,9,hard,TRUE,right,0.5,157.5,7,1,500,7000,2
50,The|heavy|box|had|both|a|large|volume|and,weight,TRUE,strong non-CoRT,low cloze,2,no,no,object,no,past,no,trial,,50,0.38,peele,1.6,1.341640786,weight,read,9,hard,FALSE,right,0.5,420,7,1,500,7000,2
51,Barb|pulled|her|sleeve|back|to|reveal|a|big,bruise,TRUE,strong CoRT,low cloze,2,yes,yes,person,no,past,no,trial,,51,0.39,peele,4.5,0.5773502692,bruise,dress,9,hard,FALSE,right,0.5,232.5,7,1,500,7000,2
52,It|is|painful|to|have|diseases|like,cancer,TRUE,strong non-CoRT,low cloze,2,no,no,object,no,present,no,trial,,52,0.36,peele,1,0,cancer,car,7,hard,FALSE,right,0.5,367.5,7,1,500,7000,2
53,Chris|said|his|dog|had|always|been|his|best,friend,TRUE,strong non-CoRT,high cloze,2,no,yes,person,no,past,no,trial,,53,0.95,peele,1.75,1.5,friend,dosage,9,easy,FALSE,right,0.5,255,7,1,500,7000,2
54,Her|left|hand|was|freezing|after|she|lost|her,glove,TRUE,strong CoRT,high cloze,2,yes,yes,person,no,past,no,trial,,54,0.8,peele,4.4,0.5477225575,glove,ropes,9,easy,FALSE,right,0.5,52.5,7,1,500,7000,2
55,The|boy|won|the|chess|competition|by|using|his,brain,TRUE,strong non-CoRT,low cloze,2,no,yes,person,no,past,no,trial,,55,0.36,peele,1.75,0.9574271078,brain,fence,9,hard,FALSE,right,0.5,472.5,7,1,500,7000,2
56,Father|carved|the|turkey|with|a,knife,TRUE,strong CoRT,high cloze,2,yes,no,person,no,past,no,trial,,56,0.95,block_baldwin,4.285714286,1.496026483,knife,teach,6,easy,FALSE,right,0.5,82.5,7,1,500,7000,2
57,Abby|stuck|his|picture|to|her|wall|with|a,tack,TRUE,strong CoRT,low cloze,2,no,yes,person,no,past,no,trial,,57,0.46,peele,4.333333333,0.5773502692,tack,lab,9,hard,FALSE,right,0.5,135,7,1,500,7000,2
58,American|Presidents|are|limited|to|serving|a|period|of|eight,years,TRUE,strong non-CoRT,high cloze,2,no,yes,group,no,present,no,trial,,58,0.84,block_baldwin,1.142857143,0.377964473,years,rub,10,easy,FALSE,right,0.5,322.5,7,1,500,7000,2
59,"Everyday|during|recess,|the|children|would|play",tag,TRUE,strong CoRT,low cloze,2,no,yes,group,no,past,no,trial,,59,0.41,peele,4,1.224744871,tag,over,7,hard,FALSE,right,0.5,165,7,1,500,7000,2
60,The|bride|smiled|as|she|walked|down|the,aisle,TRUE,strong CoRT,high cloze,2,no,yes,group,no,past,no,trial,,60,0.88,block_baldwin,4.285714286,1.112697281,aisle,bread,8,easy,FALSE,right,0.5,60,7,1,500,7000,2
61,George|must|keep|his|pet|on|a,leash,TRUE,strong non-CoRT,high cloze,2,no,yes,person,no,present,no,trial,,61,0.9,block_baldwin,1.714285714,0.755928946,leash,league,7,easy,FALSE,right,0.5,337.5,7,1,500,7000,2
62,The|kitten|played|with|the|ball|of,yarn,TRUE,strong CoRT,high cloze,2,no,yes,animal,no,past,no,trial,,62,0.94,block_baldwin,4,1.527525232,yarn,joke,7,easy,FALSE,right,0.5,112.5,7,1,500,7000,2
63,None|of|his|books|made|any,sense,TRUE,strong non-CoRT,high cloze,2,no,no,object,yes,past,no,trial,,63,0.87,block_baldwin,1.571428571,1.511857892,sense,lie,6,easy,FALSE,right,0.5,300,7,1,500,7000,2
64,,,,,,,,,,,,,break,# Well done! You got $${percent_correct}% correct!,,,,,,,,,,,,,,,,,,
0,Bradley|prefers|cats|over,catch,FALSE,strong non-CoRT,high cloze,3,no,no,person,no,present,no,trial,,0,0.91,block_baldwin,1.142857143,0.377964473,dogs,catch,4,easy,TRUE,right,0.5,270,7,1,500,7000,3
1,"After|receiving|a|treat,|the|dog's|tail|began|to",work,FALSE,strong CoRT,high cloze,3,yes,yes,animal,no,past,no,trial,,1,0.98,peele,4.25,0.5,wag,work,9,easy,TRUE,right,0.5,0,7,1,500,7000,3
2,One|must|take|time|out|of|every|day|to,relax,TRUE,strong non-CoRT,low cloze,3,no,no,person,no,present,no,trial,,2,0.36,peele,1,0,relax,screen,9,hard,FALSE,right,0.5,375,7,1,500,7000,3
3,For|a|small|horse|she|has|a|very|long,tail,TRUE,strong non-CoRT,low cloze,3,no,no,animal,no,present,no,trial,,3,0.47,peele,1.8,1.303840481,tail,toy,9,hard,FALSE,right,0.5,442.5,7,1,500,7000,3
4,He|used|his|skateboard|to|grind|along|the,rails,TRUE,strong CoRT,low cloze,3,no,yes,person,no,past,no,trial,,4,0.38,peele,4.5,0.5773502692,rails,kill,8,hard,FALSE,right,0.5,172.5,7,1,500,7000,3
5,Some|clothing|types|don't|last|long|because|they|easily,eat,FALSE,strong non-CoRT,low cloze,3,yes,no,object,yes,present,no,trial,,5,0.44,peele,2,1.224744871,tear,eat,9,hard,TRUE,right,0.5,390,7,1,500,7000,3
6,Her|new|shoes|were|the|wrong,size,TRUE,strong non-CoRT,high cloze,3,no,no,object,no,past,no,trial,,6,0.91,block_baldwin,1.428571429,1.133893419,size,manure,6,easy,FALSE,right,0.5,262.5,7,1,500,7000,3
7,The|screaming|little|girl|made|the|sitter|very,loose,FALSE,strong CoRT,low cloze,3,yes,yes,person,no,past,no,trial,,7,0.33,peele,4.2,0.8366600265,nervous,loose,8,hard,TRUE,right,0.5,210,7,1,500,7000,3
8,It|seemed|like|the|girl|was|always|running,argue,FALSE,strong non-CoRT,low cloze,3,no,yes,person,no,past,no,trial,,8,0.41,peele,1.75,0.9574271078,late,argue,8,hard,TRUE,right,0.5,397.5,7,1,500,7000,3
9,He|had|a|long|day|and|was|in|a|bad,lure,FALSE,strong non-CoRT,high cloze,3,yes,no,person,no,past,no,trial,,9,0.95,block_baldwin,1.857142857,1.573591585,mood,lure,10,easy,TRUE,right,0.5,240,7,1,500,7000,3
10,The|box|landed|on|the|ground|with|a|dull,thud,TRUE,strong CoRT,high cloze,3,no,yes,object,no,past,no,trial,,10,0.85,peele,4.25,0.9574271078,thud,net,9,easy,FALSE,right,0.5,7.5,7,1,500,7000,3
11,The|crowd|became|rowdy|after|drinking|too|much|sweet,wine,TRUE,strong CoRT,low cloze,3,yes,yes,group,no,past,no,trial,,11,0.32,peele,4.6,0.5477225575,wine,bug,9,hard,FALSE,right,0.5,225,7,1,500,7000,3
12,Drivers|should|keep|your|eyes|on|the,road,TRUE,strong non-CoRT,high cloze,3,no,no,group,no,present,yes,trial,,12,0.92,block_baldwin,1.857142857,0.8997354108,road,work,7,easy,FALSE,right,0.5,345,7,1,500,7000,3
13,"Distracted|while|driving,|Maya|got|stuck|in|the|sticky",mud,TRUE,strong CoRT,low cloze,3,yes,yes,person,no,past,no,trial,,13,0.46,peele,4,1.224744871,mud,sunset,9,hard,FALSE,right,0.5,202.5,7,1,500,7000,3
14,"While|cooking,|Luke|accidentally|cut|himself|with|a",flavor,FALSE,strong CoRT,high cloze,3,yes,yes,person,no,past,no,trial,,14,0.96,peele,4.2,0.8366600265,knife,flavor,8,easy,TRUE,right,0.5,67.5,7,1,500,7000,3
15,He|climbed|a|ladder|in|order|to|reshingle|the,roof,TRUE,strong CoRT,high cloze,3,yes,yes,person,no,past,no,trial,,15,0.86,block_baldwin,4.142857143,1.463850109,roof,kick,9,easy,FALSE,right,0.5,75,7,1,500,7000,3
16,"After|raking|the|yard,|Pat|jumped|into|the|pile|of",leaves,TRUE,strong CoRT,high cloze,3,yes,yes,person,no,past,no,trial,,16,0.92,block_baldwin,4.571428571,0.7867957925,leaves,tag,10,easy,FALSE,right,0.5,97.5,7,1,500,7000,3
17,Bob|planned|to|reopen|the|restaurant|in|the,eaten,FALSE,strong non-CoRT,low cloze,3,no,yes,person,no,past,no,trial,,17,0.38,peele,2,1.224744871,fall,eaten,8,hard,TRUE,right,0.5,450,7,1,500,7000,3
18,Andy|reached|the|curb|and|told|the|dog|to,sit,TRUE,strong CoRT,low cloze,3,yes,yes,person,no,past,no,trial,,18,0.42,peele,4,1.414213562,sit,cloth,9,hard,FALSE,right,0.5,217.5,7,1,500,7000,3
19,Mary|agreed|that|a|popsicle|would|be|the|right,treat,TRUE,strong non-CoRT,low cloze,3,no,yes,person,no,past,no,trial,,19,0.41,peele,2,1,treat,complex,9,hard,FALSE,right,0.5,405,7,1,500,7000,3
20,The|evil|witch|eyed|the|young|princess|with|a,glare,TRUE,strong CoRT,low cloze,3,no,yes,person,no,past,no,trial,,20,0.31,peele,4.4,0.894427191,glare,udder,9,hard,FALSE,right,0.5,127.5,7,1,500,7000,3
21,"To|relax|herself,|she|liked|to|listen|to|smooth",jazz,TRUE,strong non-CoRT,low cloze,3,yes,yes,person,no,past,no,trial,,21,0.47,block_baldwin,1.833333333,0.4082482905,jazz,cake,9,hard,FALSE,right,0.5,465,7,1,500,7000,3
22,"To|prevent|football|injury,|all|players|must|wear|shoulder",cry,FALSE,strong non-CoRT,high cloze,3,yes,yes,group,no,present,no,trial,,22,0.96,block_baldwin,1.571428571,0.9759000729,pads,cry,9,easy,TRUE,right,0.5,330,7,1,500,7000,3
23,To|cook|a|meal|you|will|surely|need|a,skin,FALSE,strong non-CoRT,low cloze,3,no,yes,person,no,future,no,trial,,23,0.44,peele,1.75,0.9574271078,stove,skin,9,hard,TRUE,right,0.5,427.5,7,1,500,7000,3
24,The|cop|entered|the|building|and|showed|his,fin,FALSE,strong CoRT,high cloze,3,yes,yes,person,no,past,no,trial,,24,0.92,peele,4.25,0.5,badge,fin,8,easy,TRUE,right,0.5,90,7,1,500,7000,3
25,"During|the|hike,|Lila's|feet|hurt|more|with|each",step,TRUE,strong CoRT,high cloze,3,no,yes,person,no,past,no,trial,,25,0.98,peele,4,1,step,rash,9,easy,FALSE,right,0.5,105,7,1,500,7000,3
26,The|villagers|lived|their|lives|as|simple,people,TRUE,strong non-CoRT,low cloze,3,no,yes,group,no,past,no,trial,,26,0.4,peele,2,1,people,kale,7,hard,FALSE,right,0.5,457.5,7,1,500,7000,3
27,"Angry|at|the|late|employee,|Brandon|began|to",lawn,FALSE,strong CoRT,low cloze,3,yes,no,person,no,past,no,trial,,27,0.5,peele,4.166666667,1.329160136,yell,lawn,8,hard,TRUE,right,0.5,120,7,1,500,7000,3
28,"At|the|show,|all|the|animals|jumped|through|a",hoop,TRUE,strong CoRT,high cloze,3,no,yes,animal,no,past,no,trial,,28,0.94,peele,4.2,0.8366600265,hoop,ten,9,easy,FALSE,right,0.5,15,7,1,500,7000,3
29,The|beautiful|woman|in|the|story|turned|into|a,womb,FALSE,strong CoRT,low cloze,3,no,yes,person,no,past,no,trial,,29,0.44,peele,4,1.264911064,witch,womb,9,hard,TRUE,right,0.5,187.5,7,1,500,7000,3
30,Greta|quickly|woke|after|Jess|gave|her|a|painful,pinch,TRUE,strong CoRT,low cloze,3,yes,yes,person,no,past,no,trial,,30,0.39,peele,4.5,0.5773502692,pinch,art,9,hard,FALSE,right,0.5,142.5,7,1,500,7000,3
31,"Out|of|habit,|the|family|always|ate|dinner|at",wrong,FALSE,strong non-CoRT,low cloze,3,no,yes,group,no,past,no,trial,,31,0.43,peele,2,1.414213562,six,wrong,9,hard,TRUE,right,0.5,360,7,1,500,7000,3
32,The|toddler|jumped|but|the|jar|was|out|of,reach,TRUE,strong CoRT,high cloze,3,no,yes,person,no,past,no,trial,,32,0.82,peele,4.6,0.5477225575,reach,pet,9,easy,FALSE,right,0.5,45,7,1,500,7000,3
33,A|large|stone|blocked|the|entrance|to|the,cave,TRUE,strong non-CoRT,low cloze,3,no,yes,object,no,past,no,trial,,33,0.36,block_baldwin,1.666666667,1.032795559,cave,back,8,hard,FALSE,right,0.5,412.5,7,1,500,7000,3
34,"As|Jill|felt|the|sharp|pain,|she|began|to",cry,TRUE,strong CoRT,low cloze,3,yes,yes,person,no,past,no,trial,,34,0.46,peele,4.6,0.5477225575,cry,hair,9,hard,FALSE,right,0.5,180,7,1,500,7000,3
35,He|turned|the|page|of|his|favorite,ghost,FALSE,strong CoRT,high cloze,3,no,yes,person,no,past,no,trial,,35,0.9,block_baldwin,4,1.527525232,book,ghost,7,easy,TRUE,right,0.5,37.5,7,1,500,7000,3
36,He|knew|about|the|prank|they|were|trying|to,pull,TRUE,strong non-CoRT,high cloze,3,no,no,person,no,past,no,trial,,36,0.8,peele,1.4,0.5477225575,pull,cry,9,easy,FALSE,right,0.5,315,7,1,500,7000,3
37,Jenny|was|creative|and|loved|to|study,art,TRUE,strong non-CoRT,high cloze,3,no,yes,person,no,past,no,trial,,37,0.82,block_baldwin,1.571428571,0.7867957925,art,drink,7,easy,FALSE,right,0.5,247.5,7,1,500,7000,3
38,The|landlord|did|not|like|when|the|rent|was,pin,FALSE,strong non-CoRT,high cloze,3,no,no,person,yes,past,no,trial,,38,0.8,block_baldwin,2,1.414213562,late,pin,9,easy,TRUE,right,0.5,307.5,7,1,500,7000,3
39,An|ulcer|on|the|skin|is|a|painful,sore,TRUE,strong non-CoRT,low cloze,3,no,no,object,no,present,no,trial,,39,0.41,peele,1.8,1.095445115,sore,fell,8,hard,FALSE,right,0.5,435,7,1,500,7000,3
40,"While|his|parents|vacationed,|the|kid|threw|a|huge",fur,FALSE,strong CoRT,high cloze,3,yes,yes,person,no,past,no,trial,,40,0.84,peele,4,0.8164965809,party,fur,9,easy,TRUE,right,0.5,30,7,1,500,7000,3
41,Eric|was|worried|that|his|car|didn't|have|enough,gas,TRUE,strong non-CoRT,high cloze,3,no,no,person,no,past,no,trial,,41,0.86,peele,1.6,0.894427191,gas,joke,9,easy,FALSE,right,0.5,285,7,1,500,7000,3
42,The|little|girl|tripped|and|immediately|began|to,cry,TRUE,strong CoRT,high cloze,3,yes,yes,person,no,past,no,trial,,42,0.9,peele,4.5,0.8366600265,cry,play,8,easy,FALSE,right,0.5,22.5,7,1,500,7000,3
43,Claire|claimed|motherhood|was|the|hardest|job|she|ever,had,TRUE,strong non-CoRT,high cloze,3,no,no,person,no,past,no,trial,,43,0.82,peele,1.6,0.894427191,had,mouse,9,easy,FALSE,right,0.5,292.5,7,1,500,7000,3
44,The|candles|smelled|even|better|when|they|were,wine,FALSE,strong non-CoRT,high cloze,3,no,yes,object,no,past,no,trial,,44,0.87,block_baldwin,1.714285714,0.4879500365,lit,wine,8,easy,TRUE,right,0.5,277.5,7,1,500,7000,3
45,Jan|dropped|the|lightbulb|and|it|cracked|near|the,down,FALSE,strong CoRT,low cloze,3,yes,yes,person,no,past,no,trial,,45,0.47,peele,4,0,base,down,9,hard,TRUE,right,0.5,150,7,1,500,7000,3
46,"Before|leaving|for|the|party,|Kim|dabbed|on|some",perfume,TRUE,strong CoRT,low cloze,3,yes,yes,person,no,past,no,trial,,46,0.49,peele,4.2,0.8366600265,perfume,duck,9,hard,FALSE,right,0.5,195,7,1,500,7000,3
47,There|was|nothing|to|do|once|the|fuse|was,lit,TRUE,strong non-CoRT,low cloze,3,no,no,object,no,past,no,trial,,47,0.39,peele,1.8,1.095445115,lit,meat,9,hard,FALSE,right,0.5,382.5,7,1,500,7000,3
48,At|last|the|time|for|action|had,come,TRUE,strong non-CoRT,high cloze,3,no,no,object,no,past,no,trial,,48,0.84,block_baldwin,2,1.154700538,come,mean,7,easy,FALSE,right,0.5,352.5,7,1,500,7000,3
49,"While|preparing|the|meal,|the|chef|couldn't|find|his",swim,FALSE,strong CoRT,low cloze,3,no,yes,person,yes,past,no,trial,,49,0.41,peele,4,0.7071067812,knife,swim,9,hard,TRUE,right,0.5,157.5,7,1,500,7000,3
50,She|adores|rain|but|doesn't|at|all|like,snow,TRUE,strong non-CoRT,low cloze,3,no,no,person,yes,present,no,trial,,50,0.42,peele,1.75,0.5,snow,light,8,hard,FALSE,right,0.5,420,7,1,500,7000,3
51,The|tranquil|park|atmosphere|was|disturbed|by|the|honking,horn,TRUE,strong CoRT,low cloze,3,no,yes,object,no,past,no,trial,,51,0.36,peele,4.5,1,horn,teach,9,hard,FALSE,right,0.5,232.5,7,1,500,7000,3
52,The|dessert|was|so|good|it|was|hard|to,resist,TRUE,strong non-CoRT,low cloze,3,no,no,object,no,past,no,trial,,52,0.41,peele,2,0.7071067812,resist,gap,9,hard,FALSE,right,0.5,367.5,7,1,500,7000,3
53,Charles|knew|that|the|woman|was|out|of|his,league,TRUE,strong non-CoRT,high cloze,3,no,no,person,no,past,no,trial,,53,0.82,peele,1.25,0.5,league,expensive,9,easy,FALSE,right,0.5,255,7,1,500,7000,3
54,I|roasted|the|marshmallow|over|the,fire,TRUE,strong CoRT,high cloze,3,no,yes,person,no,past,no,trial,,54,0.89,block_baldwin,4.142857143,1.463850109,fire,wrath,6,easy,FALSE,right,0.5,52.5,7,1,500,7000,3
55,His|worst|fear|was|that|the|spectators|would,boo,TRUE,strong non-CoRT,low cloze,3,no,no,person,no,past,no,trial,,55,0.36,peele,1.2,0.4472135955,boo,coat,8,hard,FALSE,right,0.5,472.5,7,1,500,7000,3
56,"After|swallowing|too|quickly,|Simon|began|to",choke,TRUE,strong CoRT,high cloze,3,yes,yes,person,no,past,no,trial,,56,0.82,peele,4,1.224744871,choke,wit,7,easy,FALSE,right,0.5,82.5,7,1,500,7000,3
57,"After|returning|to|his|bedroom,|the|monk|removed|his",robe,TRUE,strong CoRT,low cloze,3,yes,yes,person,no,past,no,trial,,57,0.5,peele,4.8,0.4472135955,robe,signs,9,hard,FALSE,right,0.5,135,7,1,500,7000,3
58,Their|water|source|on|the|farm|was|the|old,well,TRUE,strong non-CoRT,high cloze,3,no,no,object,no,past,no,trial,,58,0.89,peele,1.2,0.4472135955,well,lock,9,easy,FALSE,right,0.5,322.5,7,1,500,7000,3
59,Karen|realized|she|had|stepped|in|a|pile|of,poop,TRUE,strong CoRT,low cloze,3,no,yes,person,no,past,no,trial,,59,0.49,peele,4.6,0.5477225575,poop,wine,9,hard,FALSE,right,0.5,165,7,1,500,7000,3
60,The|accountant|ironed|a|shirt|before|going|to,work,TRUE,strong CoRT,high cloze,3,yes,yes,person,no,past,no,trial,,60,0.9,block_baldwin,4,1.414213562,work,lies,8,easy,FALSE,right,0.5,60,7,1,500,7000,3
61,The|lecture|should|last|about|one,hour,TRUE,strong non-CoRT,high cloze,3,no,no,object,no,future,no,trial,,61,0.91,block_baldwin,1,0,hour,crust,6,easy,FALSE,right,0.5,337.5,7,1,500,7000,3
62,Katie|put|the|flowers|in|an|expensive,vase,TRUE,strong CoRT,high cloze,3,no,yes,person,no,past,no,trial,,62,0.93,block_baldwin,4,1.414213562,vase,win,7,easy,FALSE,right,0.5,112.5,7,1,500,7000,3
63,The|fluffy|white|clouds|are|high|up|in|the,sky,TRUE,strong non-CoRT,high cloze,3,no,no,object,no,present,no,trial,,63,0.93,block_baldwin,1.571428571,1.133893419,sky,moose,9,easy,FALSE,right,0.5,300,7,1,500,7000,3
64,,,,,,,,,,,,,break,# Well done! You got $${percent_correct}% correct!,,,,,,,,,,,,,,,,,,
0,"Married|to|a|duchess,|Max|earned|the|title|of",pack,FALSE,strong non-CoRT,high cloze,4,yes,yes,person,no,past,no,trial,,0,0.88,peele,1.6,0.5477225575,duke,pack,9,easy,TRUE,right,0.5,270,7,1,500,7000,4
1,He|turned|to|see|the|dog|charging|like|a,pad,FALSE,strong CoRT,high cloze,4,no,yes,person,no,past,no,trial,,1,0.83,peele,4.4,0.5477225575,bull,pad,9,easy,TRUE,right,0.5,0,7,1,500,7000,4
2,The|car|was|similar|but|it|was|a|different,model,TRUE,strong non-CoRT,low cloze,4,no,no,object,no,past,no,trial,,2,0.4,peele,1.4,0.894427191,model,sails,9,hard,FALSE,right,0.5,375,7,1,500,7000,4
3,"Even|in|the|most|trying|times,|she|kept|her",cool,TRUE,strong non-CoRT,low cloze,4,no,no,person,no,past,yes,trial,,3,0.5,peele,2,1.224744871,cool,hair,9,hard,FALSE,right,0.5,442.5,7,1,500,7000,4
4,The|boat|sailed|faster|after|tightly|pulling|in|the,sail,TRUE,strong CoRT,low cloze,4,yes,yes,object,no,past,no,trial,,4,0.5,peele,4.75,0.5,sail,fall,9,hard,FALSE,right,0.5,172.5,7,1,500,7000,4
5,The|woman|said|she|had|finally|found,tip,FALSE,strong non-CoRT,low cloze,4,no,yes,person,no,past,no,trial,,5,0.36,peele,2,0.7071067812,love,tip,7,hard,TRUE,right,0.5,390,7,1,500,7000,4
6,Kelly|believed|that|everything|was|determined|by,fate,TRUE,strong non-CoRT,high cloze,4,no,no,person,no,past,no,trial,,6,0.83,peele,1.75,0.9574271078,fate,joke,7,easy,FALSE,right,0.5,262.5,7,1,500,7000,4
7,The|rowdy|player|was|ejected|after|a|nasty,village,FALSE,strong CoRT,low cloze,4,yes,yes,person,no,past,no,trial,,7,0.46,peele,4,0,fight,village,8,hard,TRUE,right,0.5,210,7,1,500,7000,4
8,Alexis|was|embarrassed|by|her|child's|behavior|in,cool,FALSE,strong non-CoRT,low cloze,4,no,no,person,no,past,no,trial,,8,0.36,peele,1.6,0.894427191,school,cool,8,hard,TRUE,right,0.5,397.5,7,1,500,7000,4
9,Success|is|often|just|a|matter|of|hard,fake,FALSE,strong non-CoRT,high cloze,4,no,no,object,no,present,yes,trial,,9,0.93,block_baldwin,1.428571429,1.133893419,work,fake,8,easy,TRUE,right,0.5,240,7,1,500,7000,4
10,The|fisherman|easily|put|the|bait|on|the,hook,TRUE,strong CoRT,high cloze,4,no,yes,person,no,past,no,trial,,10,0.93,peele,4.4,0.5477225575,hook,job,8,easy,FALSE,right,0.5,7.5,7,1,500,7000,4
11,"While|trying|to|lift|the|box,|Jeffrey|pulled|his",back,TRUE,strong CoRT,low cloze,4,yes,yes,person,no,past,no,trial,,11,0.39,peele,4.4,0.894427191,back,witch,9,hard,FALSE,right,0.5,225,7,1,500,7000,4
12,I|would|drive|but|my|car|is|low|on,gas,TRUE,strong non-CoRT,high cloze,4,no,yes,person,no,present,no,trial,,12,0.9,block_baldwin,1.857142857,0.6900655593,gas,pants,9,easy,FALSE,right,0.5,345,7,1,500,7000,4
13,"As|he|left,|the|insulted|man|made|a",gesture,TRUE,strong CoRT,low cloze,4,yes,yes,person,no,past,no,trial,,13,0.4,peele,4.8,0.4472135955,gesture,luck,8,hard,FALSE,right,0.5,202.5,7,1,500,7000,4
14,The|impatient|man|kept|glancing|at|his,run,FALSE,strong CoRT,high cloze,4,no,yes,person,no,past,no,trial,,14,0.94,peele,4,0.8164965809,watch,run,7,easy,TRUE,right,0.5,67.5,7,1,500,7000,4
15,The|gentleman|on|the|bus|offered|the|child|his,seat,TRUE,strong CoRT,high cloze,4,no,yes,person,no,past,no,trial,,15,0.9,peele,4.25,0.9574271078,seat,gate,9,easy,FALSE,right,0.5,75,7,1,500,7000,4
16,"Soon|after|Janice|stepped|on|the|wet|floor,|she",slipped,TRUE,strong CoRT,high cloze,4,yes,yes,person,no,past,no,trial,,16,0.82,peele,4.6,0.5477225575,slipped,crowd,9,easy,FALSE,right,0.5,97.5,7,1,500,7000,4
17,Grace|didn't|like|eating|foods|with|a|lot|of,race,FALSE,strong non-CoRT,low cloze,4,no,yes,person,yes,past,no,trial,,17,0.39,peele,1.4,0.5477225575,salt,race,9,hard,TRUE,right,0.5,450,7,1,500,7000,4
18,Stacy|was|not|careful|and|spilled|wine|on|her,dress,TRUE,strong CoRT,low cloze,4,yes,yes,person,no,past,no,trial,,18,0.44,peele,4,1.414213562,dress,noises,9,hard,FALSE,right,0.5,217.5,7,1,500,7000,4
19,The|chef|wanted|his|steaks|to|have|a|good,flavor,TRUE,strong non-CoRT,low cloze,4,no,no,person,no,past,no,trial,,19,0.38,peele,2,1.414213562,flavor,suit,9,hard,FALSE,right,0.5,405,7,1,500,7000,4
20,The|strong|landscaper|removed|the|tree|root|with|one,pull,TRUE,strong CoRT,low cloze,4,no,yes,person,no,past,yes,trial,,20,0.41,peele,4.2,1.303840481,pull,dog,9,hard,FALSE,right,0.5,127.5,7,1,500,7000,4
21,"When|it's|warm|out,|Jack|likes|going|to|the",beach,TRUE,strong non-CoRT,low cloze,4,yes,yes,person,no,present,no,trial,,21,0.42,peele,1.6,0.894427191,beach,tongue,9,hard,FALSE,right,0.5,465,7,1,500,7000,4
22,"The|mother|was|against|swearing,|calling|it|a",pill,FALSE,strong non-CoRT,high cloze,4,no,yes,person,no,past,no,trial,,22,0.85,peele,2,0.8164965809,sin,pill,8,easy,TRUE,right,0.5,330,7,1,500,7000,4
23,Winston's|prized|chess|set|was|missing|a,meal,FALSE,strong non-CoRT,low cloze,4,no,no,object,no,past,no,trial,,23,0.43,peele,1.6,0.5477225575,piece,meal,7,hard,TRUE,right,0.5,427.5,7,1,500,7000,4
24,The|thief|ran|away|after|taking|the|woman's,hire,FALSE,strong CoRT,high cloze,4,yes,yes,person,no,past,no,trial,,24,0.9,peele,4.75,0.5,purse,hire,8,easy,TRUE,right,0.5,90,7,1,500,7000,4
25,Jane|fried|some|bacon|in|the,pan,TRUE,strong CoRT,high cloze,4,no,yes,person,no,past,no,trial,,25,0.86,block_baldwin,4.142857143,1.463850109,pan,gag,6,easy,FALSE,right,0.5,105,7,1,500,7000,4
26,It|is|difficult|for|any|large|business|to,succeed,TRUE,strong non-CoRT,low cloze,4,no,no,object,no,present,no,trial,,26,0.33,peele,1.6,1.341640786,succeed,rake,8,hard,FALSE,right,0.5,457.5,7,1,500,7000,4
27,The|car|suddenly|appeared|and|Liz|wasn't|able|to,suit,FALSE,strong CoRT,low cloze,4,yes,yes,person,yes,past,no,trial,,27,0.35,peele,4.333333333,0.5163977795,stop,suit,9,hard,TRUE,right,0.5,120,7,1,500,7000,4
28,The|girls|drew|beautiful|designs|on|the|street|with,chalk,TRUE,strong CoRT,high cloze,4,no,yes,group,no,past,yes,trial,,28,0.83,peele,4,1.414213562,chalk,husband,9,easy,FALSE,right,0.5,15,7,1,500,7000,4
29,Jill|cried|and|said|her|life|had|become|a,class,FALSE,strong CoRT,low cloze,4,yes,yes,person,no,past,no,trial,,29,0.4,peele,4,0.7071067812,mess,class,9,hard,TRUE,right,0.5,187.5,7,1,500,7000,4
30,The|cargo|at|the|shipyard|fell|with|a|loud,bang,TRUE,strong CoRT,low cloze,4,no,yes,object,no,past,no,trial,,30,0.33,peele,4,0,bang,seagull,9,hard,FALSE,right,0.5,142.5,7,1,500,7000,4
31,The|gym|class|knew|the|rope|would|be|a,bottle,FALSE,strong non-CoRT,low cloze,4,no,no,group,no,past,no,trial,,31,0.26,block_baldwin,1.166666667,0.4082482905,task,bottle,9,hard,TRUE,right,0.5,360,7,1,500,7000,4
32,Jan|tried|to|squeeze|in|but|there|was|no,room,TRUE,strong CoRT,high cloze,4,no,yes,person,no,past,no,trial,,32,0.85,block_baldwin,4.142857143,0.6900655593,room,fly,9,easy,FALSE,right,0.5,45,7,1,500,7000,4
33,Her|baby|was|not|ready|to|leave|the,crib,TRUE,strong non-CoRT,low cloze,4,no,yes,person,yes,past,no,trial,,33,0.32,peele,1.75,0.9574271078,crib,tag,8,hard,FALSE,right,0.5,412.5,7,1,500,7000,4
34,The|pirates|escaped|with|a|large|bag|of,gold,TRUE,strong CoRT,low cloze,4,no,yes,group,no,past,no,trial,,34,0.44,peele,4.75,0.5,gold,noise,8,hard,FALSE,right,0.5,180,7,1,500,7000,4
35,When|Colin|saw|smoke|he|called|911|to|report|a,slow,FALSE,strong CoRT,high cloze,4,yes,yes,person,no,past,no,trial,,35,0.91,block_baldwin,4,1.414213562,fire,slow,10,easy,TRUE,right,0.5,37.5,7,1,500,7000,4
36,Napa|Valley|in|California|is|known|for|making,wine,TRUE,strong non-CoRT,high cloze,4,no,yes,object,no,present,no,trial,,36,0.94,peele,1.6,0.894427191,wine,fall,8,easy,FALSE,right,0.5,315,7,1,500,7000,4
37,"Instead|of|a|purebred|dog,|John|chose|a",mutt,TRUE,strong non-CoRT,high cloze,4,no,yes,person,no,past,no,trial,,37,0.89,peele,2,1.732050808,mutt,shape,8,easy,FALSE,right,0.5,247.5,7,1,500,7000,4
38,Many|brunettes|like|to|dye|their|hair,collapsed,FALSE,strong non-CoRT,high cloze,4,no,yes,group,no,present,no,trial,,38,0.86,block_baldwin,1.857142857,0.8997354108,blonde,collapsed,7,easy,TRUE,right,0.5,307.5,7,1,500,7000,4
39,When|she|was|only|twenty|years|old|she|found,love,TRUE,strong non-CoRT,low cloze,4,no,yes,person,no,past,no,trial,,39,0.41,peele,1.8,1.095445115,love,hawk,9,hard,FALSE,right,0.5,435,7,1,500,7000,4
40,"In|the|courtroom,|the|defendant|was|silenced|by|the",hope,FALSE,strong CoRT,high cloze,4,no,yes,person,no,past,no,trial,,40,0.85,peele,4,1,judge,hope,9,easy,TRUE,right,0.5,30,7,1,500,7000,4
41,Steven|had|been|raised|believing|that|lying|was|a,sin,TRUE,strong non-CoRT,high cloze,4,no,yes,person,no,past,no,trial,,41,0.91,peele,2,0.8164965809,sin,curb,9,easy,FALSE,right,0.5,285,7,1,500,7000,4
42,Joan|fed|her|baby|some|warm,milk,TRUE,strong CoRT,high cloze,4,no,yes,person,no,past,no,trial,,42,0.88,block_baldwin,4,1.414213562,milk,mace,6,easy,FALSE,right,0.5,22.5,7,1,500,7000,4
43,The|book|was|a|steal|at|such|a|low,price,TRUE,strong non-CoRT,high cloze,4,no,no,object,no,past,no,trial,,43,0.89,block_baldwin,1.142857143,0.377964473,price,vomit,9,easy,FALSE,right,0.5,292.5,7,1,500,7000,4
44,The|baby|bird|was|ready|to|learn|to,roach,FALSE,strong non-CoRT,high cloze,4,no,yes,animal,no,past,no,trial,,44,0.91,block_baldwin,2,0.5773502692,fly,roach,8,easy,TRUE,right,0.5,277.5,7,1,500,7000,4
45,The|dog|chased|our|cat|up|the,noise,FALSE,strong CoRT,low cloze,4,no,yes,animal,no,past,no,trial,,45,0.43,block_baldwin,4.166666667,1.602081979,tree,noise,7,hard,TRUE,right,0.5,150,7,1,500,7000,4
46,"In|class,|Paula|took|out|her|notebook|and",wrote,TRUE,strong CoRT,low cloze,4,no,yes,person,no,past,no,trial,,46,0.42,peele,4.8,0.4472135955,wrote,wrath,8,hard,FALSE,right,0.5,195,7,1,500,7000,4
47,Don|didn't|tell|Carmen|secrets|because|she|liked|to,gossip,TRUE,strong non-CoRT,low cloze,4,yes,yes,person,yes,past,no,trial,,47,0.49,peele,1.75,0.9574271078,gossip,soup,9,hard,FALSE,right,0.5,382.5,7,1,500,7000,4
48,"Ellen|enjoys|poetry,|painting,|and|other|forms|of",art,TRUE,strong non-CoRT,high cloze,4,no,no,person,no,present,no,trial,,48,0.94,block_baldwin,1.285714286,0.4879500365,art,argument,8,easy,FALSE,right,0.5,352.5,7,1,500,7000,4
49,The|woman|applied|concealer|with|a|gentle,walk,FALSE,strong CoRT,low cloze,4,no,yes,person,no,past,no,trial,,49,0.35,peele,4.8,0.4472135955,touch,walk,7,hard,TRUE,right,0.5,157.5,7,1,500,7000,4
50,"When|at|the|fair,|her|kids|always|have|great",times,TRUE,strong non-CoRT,low cloze,4,yes,no,group,no,past,yes,trial,,50,0.45,peele,1.75,0.5,times,mom,9,hard,FALSE,right,0.5,420,7,1,500,7000,4
51,The|reckless|driver|drove|too|quickly|around|the,corner,TRUE,strong CoRT,low cloze,4,no,yes,person,no,past,no,trial,,51,0.42,peele,4.2,0.4472135955,corner,joy,8,hard,FALSE,right,0.5,232.5,7,1,500,7000,4
52,Paige|thought|the|color|of|the|wall|was|rather,dull,TRUE,strong non-CoRT,low cloze,4,no,no,person,no,past,no,trial,,52,0.34,peele,1.8,0.8366600265,dull,night,9,hard,FALSE,right,0.5,367.5,7,1,500,7000,4
53,Daniel|was|upset|that|his|basketball|team|didn't,win,TRUE,strong non-CoRT,high cloze,4,no,no,person,yes,past,no,trial,,53,0.91,peele,2,0.7071067812,win,rob,8,easy,FALSE,right,0.5,255,7,1,500,7000,4
54,"After|hitting|the|iceberg,|the|ship|began|to",sink,TRUE,strong CoRT,high cloze,4,yes,yes,object,no,past,no,trial,,54,0.96,block_baldwin,4,1.154700538,sink,milk,8,easy,FALSE,right,0.5,52.5,7,1,500,7000,4
55,"After|his|divorce,|my|neighbor|was|a|lonely",man,TRUE,strong non-CoRT,low cloze,4,yes,no,person,no,past,yes,trial,,55,0.46,peele,2,1.224744871,man,miss,8,hard,FALSE,right,0.5,472.5,7,1,500,7000,4
56,Paulina|gave|the|huge|lollipop|a|big,lick,TRUE,strong CoRT,high cloze,4,no,yes,person,no,past,no,trial,,56,0.88,peele,4,1.154700538,lick,luck,7,easy,FALSE,right,0.5,82.5,7,1,500,7000,4
57,Wade|spotted|the|incoming|ball|and|was|able|to,duck,TRUE,strong CoRT,low cloze,4,yes,yes,object,yes,past,no,trial,,57,0.36,peele,4.5,0.5773502692,duck,track,9,hard,FALSE,right,0.5,135,7,1,500,7000,4
58,Our|walk|was|illuminated|by|the|light|of|the,moon,TRUE,strong non-CoRT,high cloze,4,no,yes,object,no,past,no,trial,,58,0.84,peele,2,1.414213562,moon,knight,9,easy,FALSE,right,0.5,322.5,7,1,500,7000,4
59,Greg|clutched|his|queasy|stomach|and|began|to,vomit,TRUE,strong CoRT,low cloze,4,yes,yes,person,no,past,no,trial,,59,0.47,peele,4.75,0.5,vomit,sleep,8,hard,FALSE,right,0.5,165,7,1,500,7000,4
60,"After|speaking,|Allen|left|the|noisy",room,TRUE,strong CoRT,high cloze,4,yes,yes,person,no,past,no,trial,,60,0.81,block_baldwin,4.142857143,0.6900655593,room,like,6,easy,FALSE,right,0.5,60,7,1,500,7000,4
61,Suzy|saw|a|sign|that|said|babysitter|for,hire,TRUE,strong non-CoRT,high cloze,4,no,yes,person,no,past,no,trial,,61,0.88,peele,1.75,1.5,hire,soap,8,easy,FALSE,right,0.5,337.5,7,1,500,7000,4
62,"Exiting|the|pool,|the|children|were|so|cold|they",shivered,TRUE,strong CoRT,high cloze,4,yes,yes,group,no,past,no,trial,,62,0.87,peele,4.4,0.5477225575,shivered,hurt,9,easy,FALSE,right,0.5,112.5,7,1,500,7000,4
63,Incredibly|poor|food|service|is|my|pet,peeve,TRUE,strong non-CoRT,high cloze,4,no,no,object,no,present,no,trial,,63,0.96,peele,1.4,0.894427191,peeve,talk,7,easy,FALSE,right,0.5,300,7,1,500,7000,4
64,,,,,,,,,,,,,break,# Well done! You got $${percent_correct}% correct!,,,,,,,,,,,,,,,,,,
0,She|graduated|at|the|top|of|her,shelf,FALSE,strong non-CoRT,high cloze,5,no,no,person,no,past,no,trial,,0,0.95,block_baldwin,1.571428571,0.7867957925,class,shelf,7,easy,TRUE,right,0.5,270,7,1,500,7000,5
1,The|farmer|ran|out|of|bacon|and|slaughtered|the,funeral,FALSE,strong CoRT,high cloze,5,yes,yes,person,no,past,no,trial,,1,0.88,peele,4,0.8164965809,pig,funeral,9,easy,TRUE,right,0.5,0,7,1,500,7000,5
2,Jake|hated|the|game|and|thought|it|wasn't,fair,TRUE,strong non-CoRT,low cloze,5,yes,no,person,no,past,yes,trial,,2,0.44,peele,1.4,0.5477225575,fair,road,9,hard,FALSE,right,0.5,375,7,1,500,7000,5
3,Alexander|just|knew|that|he|would|win|the|big,prize,TRUE,strong non-CoRT,low cloze,5,no,yes,person,no,past,no,trial,,3,0.32,peele,1.6,0.5477225575,prize,move,9,hard,FALSE,right,0.5,442.5,7,1,500,7000,5
4,The|young|man|quickly|pulled|the|sword|from|the,sheath,TRUE,strong CoRT,low cloze,5,no,yes,person,no,past,no,trial,,4,0.39,peele,4.5,1,sheath,moon,9,hard,FALSE,right,0.5,172.5,7,1,500,7000,5
5,The|cardinals|wondered|which|of|them|would|become|the,stamp,FALSE,strong non-CoRT,low cloze,5,no,no,group,no,past,no,trial,,5,0.5,peele,1.5,0.5773502692,pope,stamp,9,hard,TRUE,right,0.5,390,7,1,500,7000,5
6,The|shape|of|the|woman’s|crystal|ball|was,round,TRUE,strong non-CoRT,high cloze,5,no,no,object,no,past,no,trial,,6,0.82,block_baldwin,1.428571429,1.133893419,round,cave,8,easy,FALSE,right,0.5,262.5,7,1,500,7000,5
7,The|excited|crowd|of|people|quickly|formed|a,failure,FALSE,strong CoRT,low cloze,5,no,yes,group,no,past,no,trial,,7,0.35,peele,4,0,mob,failure,8,hard,TRUE,right,0.5,210,7,1,500,7000,5
8,Not|even|the|cast|liked|the,bone,FALSE,strong non-CoRT,low cloze,5,no,no,group,yes,past,no,trial,,8,0.36,block_baldwin,1.833333333,1.602081979,play,bone,6,hard,TRUE,right,0.5,397.5,7,1,500,7000,5
9,His|boss|refused|to|give|him|a,teeth,FALSE,strong non-CoRT,high cloze,5,no,yes,person,no,past,no,trial,,9,0.87,block_baldwin,1.857142857,0.6900655593,raise,teeth,7,easy,TRUE,right,0.5,240,7,1,500,7000,5
10,She|preheated|the|oven|and|greased|the,pan,TRUE,strong CoRT,high cloze,5,yes,yes,person,no,past,no,trial,,10,0.9,block_baldwin,4.285714286,1.496026483,pan,sensitive,7,easy,FALSE,right,0.5,7.5,7,1,500,7000,5
11,"Hearing|noises|from|above,|the|confused|man|inspected|the",attic,TRUE,strong CoRT,low cloze,5,yes,yes,person,no,past,no,trial,,11,0.32,peele,4.5,0.8366600265,attic,married,9,hard,FALSE,right,0.5,225,7,1,500,7000,5
12,The|doctor’s|suitcase|was|worn|and|obviously|very,old,TRUE,strong non-CoRT,high cloze,5,no,no,object,no,past,no,trial,,12,0.89,block_baldwin,1.714285714,1.496026483,old,verb,8,easy,FALSE,right,0.5,345,7,1,500,7000,5
13,"Over|the|summer,|the|boys|went|swimming|in|the",lake,TRUE,strong CoRT,low cloze,5,no,yes,group,no,past,yes,trial,,13,0.5,peele,4.4,0.5477225575,lake,bed,9,hard,FALSE,right,0.5,202.5,7,1,500,7000,5
14,Yolanda|took|the|wet|clothes|outside|to,bank,FALSE,strong CoRT,high cloze,5,no,yes,person,no,past,no,trial,,14,0.92,peele,4,0.632455532,dry,bank,7,easy,TRUE,right,0.5,67.5,7,1,500,7000,5
15,John|swept|the|floor|with|a,broom,TRUE,strong CoRT,high cloze,5,no,yes,person,no,past,no,trial,,15,0.9,block_baldwin,4.142857143,1.573591585,broom,cheer,6,easy,FALSE,right,0.5,75,7,1,500,7000,5
16,She|washed|the|dirty|dishes|in|the,sink,TRUE,strong CoRT,high cloze,5,no,yes,person,no,past,no,trial,,16,0.92,block_baldwin,4,1.414213562,sink,batch,7,easy,FALSE,right,0.5,97.5,7,1,500,7000,5
17,Some|people|don't|enjoy|food|and|only|eat|to,pan,FALSE,strong non-CoRT,low cloze,5,yes,yes,group,yes,present,no,trial,,17,0.38,peele,1.75,0.5,survive,pan,9,hard,TRUE,right,0.5,450,7,1,500,7000,5
18,"As|a|clumsy|toddler,|Serena|often|spilled|her",milk,TRUE,strong CoRT,low cloze,5,no,yes,person,no,past,yes,trial,,18,0.34,peele,4.2,0.8366600265,milk,shell,7,hard,FALSE,right,0.5,217.5,7,1,500,7000,5
19,Jim|convinced|her|that|it|was|a|bad|prank|to,pull,TRUE,strong non-CoRT,low cloze,5,no,yes,person,no,past,no,trial,,19,0.43,peele,1.75,0.5,pull,vase,10,hard,FALSE,right,0.5,405,7,1,500,7000,5
20,Everyone|ran|from|the|man|like|he|was|a,monster,TRUE,strong CoRT,low cloze,5,no,yes,group,no,past,no,trial,,20,0.31,peele,4.8,0.4472135955,monster,cry,9,hard,FALSE,right,0.5,127.5,7,1,500,7000,5
21,That|boy|is|always|saying|he'll|someday|be,famous,TRUE,strong non-CoRT,low cloze,5,no,yes,person,no,present,no,trial,,21,0.31,peele,2,1.732050808,famous,fear,8,hard,FALSE,right,0.5,465,7,1,500,7000,5
22,Surfers|are|scared|of|getting|bitten|by|a,meal,FALSE,strong non-CoRT,high cloze,5,no,yes,group,no,present,no,trial,,22,0.92,block_baldwin,2,1,shark,meal,8,easy,TRUE,right,0.5,330,7,1,500,7000,5
23,All|the|gym|trainers|were|in|great|shape|and,home,FALSE,strong non-CoRT,low cloze,5,no,no,group,no,past,no,trial,,23,0.36,peele,2,1.414213562,fit,home,9,hard,TRUE,right,0.5,427.5,7,1,500,7000,5
24,"Tired|from|studying,|Dan|crumpled|his|papers|into|a",ball,TRUE,strong CoRT,high cloze,5,yes,yes,person,no,past,no,trial,,24,0.8,peele,4,0.7071067812,ball,towel,9,easy,FALSE,right,0.5,90,7,1,500,7000,5
25,April|ran|her|errands|during|her|lunch,gin,FALSE,strong CoRT,high cloze,5,no,yes,person,no,past,no,trial,,25,0.86,block_baldwin,4,0.8164965809,break,gin,7,easy,TRUE,right,0.5,105,7,1,500,7000,5
26,The|British|businessman|was|the|wealthiest|in|the|whole,country,TRUE,strong non-CoRT,low cloze,5,no,no,person,no,past,no,trial,,26,0.36,peele,1,0,country,mate,9,hard,FALSE,right,0.5,457.5,7,1,500,7000,5
27,The|convenience|store|was|robbed|by|a|small,face,FALSE,strong CoRT,low cloze,5,no,yes,object,no,past,no,trial,,27,0.37,peele,4,0,man,face,8,hard,TRUE,right,0.5,120,7,1,500,7000,5
28,The|librarian|sternly|told|us|to|be,quiet,TRUE,strong CoRT,high cloze,5,no,yes,person,no,past,no,trial,,28,0.8,block_baldwin,4,0.5773502692,quiet,porch,7,easy,FALSE,right,0.5,15,7,1,500,7000,5
29,Nicola|walked|towards|the|lake|till|she|hit|the,push,FALSE,strong CoRT,low cloze,5,no,yes,person,no,past,no,trial,,29,0.44,peele,4,1.414213562,water,push,9,hard,TRUE,right,0.5,187.5,7,1,500,7000,5
30,Mary|was|upset|when|she|spilled|coffee|on|her|favorite,blouse,TRUE,strong CoRT,low cloze,5,yes,yes,person,no,past,yes,trial,,30,0.35,peele,4.75,0.5,blouse,rang,10,hard,FALSE,right,0.5,142.5,7,1,500,7000,5
31,The|body|builder's|arm|muscles|were|extremely,water,FALSE,strong non-CoRT,low cloze,5,no,no,person,no,past,no,trial,,31,0.4,peele,1.6,0.5477225575,large,water,7,hard,TRUE,right,0.5,360,7,1,500,7000,5
32,The|maid|dusted|the|books|on|the,shelf,TRUE,strong CoRT,high cloze,5,no,yes,person,no,past,no,trial,,32,0.93,block_baldwin,4.142857143,1.573591585,shelf,days,7,easy,FALSE,right,0.5,45,7,1,500,7000,5
33,Being|a|father|and|a|businessman|made|his|role,difficult,TRUE,strong non-CoRT,low cloze,5,no,yes,person,no,past,no,trial,,33,0.31,peele,1,0,difficult,zoo,9,hard,FALSE,right,0.5,412.5,7,1,500,7000,5
34,The|boys|ran|to|the|car|carrying|their,bags,TRUE,strong CoRT,low cloze,5,no,yes,group,no,past,no,trial,,34,0.34,peele,4,1.154700538,bags,ignition,8,hard,FALSE,right,0.5,180,7,1,500,7000,5
35,"After|saying|goodbye,|Tim|gave|his|wife|a|quick",hill,FALSE,strong CoRT,high cloze,5,yes,yes,person,no,past,no,trial,,35,0.84,peele,4.75,0.5,kiss,hill,9,easy,TRUE,right,0.5,37.5,7,1,500,7000,5
36,Lily|had|disliked|him|from|the|moment|they,met,TRUE,strong non-CoRT,high cloze,5,no,no,person,no,past,no,trial,,36,0.99,peele,1.75,0.9574271078,met,curse,8,easy,FALSE,right,0.5,315,7,1,500,7000,5
37,The|man|liked|to|play|his|music|too,loud,TRUE,strong non-CoRT,high cloze,5,no,yes,person,no,past,no,trial,,37,0.84,block_baldwin,2,1,loud,joke,8,easy,FALSE,right,0.5,247.5,7,1,500,7000,5
38,A|Dalmatian|dog|is|recognized|by|its|black|and|white,fate,FALSE,strong non-CoRT,high cloze,5,no,yes,animal,no,present,no,trial,,38,0.84,block_baldwin,1.166666667,0.4082482905,spots,fate,10,easy,TRUE,right,0.5,307.5,7,1,500,7000,5
39,The|potatoes|were|seasoned|with|flakes|of|rosemary|and,thyme,TRUE,strong non-CoRT,low cloze,5,no,yes,object,no,past,no,trial,,39,0.35,peele,2,1.414213562,thyme,sweat,9,hard,FALSE,right,0.5,435,7,1,500,7000,5
40,The|infant|cried|when|she|got|stung|by|a,doubts,FALSE,strong CoRT,high cloze,5,yes,yes,person,no,past,no,trial,,40,0.9,peele,4.2,1.303840481,bee,doubts,9,easy,TRUE,right,0.5,30,7,1,500,7000,5
41,Sam|does|not|like|desserts|that|are|too,sweet,TRUE,strong non-CoRT,high cloze,5,no,no,person,yes,present,no,trial,,41,0.86,peele,1,0,sweet,tie,8,easy,FALSE,right,0.5,285,7,1,500,7000,5
42,Elle|got|behind|the|stalled|car|and|began|to,push,TRUE,strong CoRT,high cloze,5,yes,yes,person,no,past,no,trial,,42,0.87,peele,4.5,0.5773502692,push,safe,9,easy,FALSE,right,0.5,22.5,7,1,500,7000,5
43,The|academic|year|began|in|the,fall,TRUE,strong non-CoRT,high cloze,5,no,no,object,no,past,no,trial,,43,0.82,block_baldwin,1.428571429,1.133893419,fall,chain,6,easy,FALSE,right,0.5,292.5,7,1,500,7000,5
44,The|directions|did|not|match|any|roads|on|the,bill,FALSE,strong non-CoRT,high cloze,5,no,no,object,yes,past,no,trial,,44,0.85,block_baldwin,1.428571429,0.5345224838,map,bill,9,easy,TRUE,right,0.5,277.5,7,1,500,7000,5
45,The|boxer|knocked|out|his|opponent|with|a|sudden,fan,FALSE,strong CoRT,low cloze,5,no,yes,person,no,past,no,trial,,45,0.48,peele,4.4,1.341640786,punch,fan,9,hard,TRUE,right,0.5,150,7,1,500,7000,5
46,They|were|startled|by|the|sudden,noise,TRUE,strong CoRT,low cloze,5,no,yes,group,no,past,no,trial,,46,0.5,block_baldwin,4,1.095445115,noise,night,6,hard,FALSE,right,0.5,195,7,1,500,7000,5
47,Barry|said|that|accounting|work|was|no,fun,TRUE,strong non-CoRT,low cloze,5,no,yes,person,no,past,no,trial,,47,0.35,peele,1.4,0.5477225575,fun,mob,7,hard,FALSE,right,0.5,382.5,7,1,500,7000,5
48,A|gas|lamp|is|always|a|good|source|of,light,TRUE,strong non-CoRT,high cloze,5,no,no,object,no,present,no,trial,,48,0.89,peele,1.75,0.9574271078,light,water,9,easy,FALSE,right,0.5,352.5,7,1,500,7000,5
49,The|hungry|owl|searched|the|field|for|its,color,FALSE,strong CoRT,low cloze,5,no,yes,animal,no,past,no,trial,,49,0.47,block_baldwin,4,1.095445115,prey,color,8,hard,TRUE,right,0.5,157.5,7,1,500,7000,5
50,He|wondered|whether|it|was|coincidence|or,fate,TRUE,strong non-CoRT,low cloze,5,no,no,person,no,past,no,trial,,50,0.49,block_baldwin,1.833333333,1.329160136,fate,cancer,7,hard,FALSE,right,0.5,420,7,1,500,7000,5
51,The|farmer|collected|wood|to|build|a|new,barn,TRUE,strong CoRT,low cloze,5,yes,yes,person,no,past,no,trial,,51,0.32,peele,4,1,barn,cough,8,hard,FALSE,right,0.5,232.5,7,1,500,7000,5
52,Drake|didn't|like|barbecued|meat|because|of|the,taste,TRUE,strong non-CoRT,low cloze,5,yes,no,person,no,past,yes,trial,,52,0.37,peele,1.75,0.5,taste,rib,8,hard,FALSE,right,0.5,367.5,7,1,500,7000,5
53,He|liked|lemon|and|sugar|in|his,tea,TRUE,strong non-CoRT,high cloze,5,no,no,person,no,past,no,trial,,53,0.81,block_baldwin,1.428571429,0.7867957925,tea,lit,7,easy,FALSE,right,0.5,255,7,1,500,7000,5
54,A|nearby|woman|sprayed|the|robber|with,mace,TRUE,strong CoRT,high cloze,5,no,yes,person,no,past,no,trial,,54,0.8,peele,4,0.7071067812,mace,budge,7,easy,FALSE,right,0.5,52.5,7,1,500,7000,5
55,Jeff|felt|like|he|would|never|finish|at|that,pace,TRUE,strong non-CoRT,low cloze,5,no,yes,person,yes,past,no,trial,,55,0.45,peele,1.333333333,0.5163977795,pace,stay,9,hard,FALSE,right,0.5,472.5,7,1,500,7000,5
56,"After|weeks|at|sea,|the|bottle|washed|up|onto",shore,TRUE,strong CoRT,high cloze,5,yes,yes,object,no,past,no,trial,,56,0.83,peele,4,0.8164965809,shore,aim,9,easy,FALSE,right,0.5,82.5,7,1,500,7000,5
57,Karen|shrieked|when|she|discovered|the|dead,mouse,TRUE,strong CoRT,low cloze,5,yes,yes,person,no,past,no,trial,,57,0.36,peele,4.4,0.5477225575,mouse,feud,7,hard,FALSE,right,0.5,135,7,1,500,7000,5
58,The|expensive|tie|was|made|of,silk,TRUE,strong non-CoRT,high cloze,5,no,no,object,no,past,no,trial,,58,0.89,block_baldwin,1,0,silk,house,6,easy,FALSE,right,0.5,322.5,7,1,500,7000,5
59,Grandmother|baked|a|pie|and|set|it|on|the,counter,TRUE,strong CoRT,low cloze,5,yes,yes,person,no,past,no,trial,,59,0.34,peele,4.4,0.894427191,counter,kick,9,hard,FALSE,right,0.5,165,7,1,500,7000,5
60,Delia|needed|her|keys|and|rummaged|around|in|her,purse,TRUE,strong CoRT,high cloze,5,yes,yes,person,no,past,no,trial,,60,0.8,peele,4,1.414213562,purse,wine,9,easy,FALSE,right,0.5,60,7,1,500,7000,5
61,The|store|employees|knew|it|was|illegal|to,steal,TRUE,strong non-CoRT,high cloze,5,no,no,group,no,past,no,trial,,61,0.87,block_baldwin,1.714285714,1.496026483,steal,pull,8,easy,FALSE,right,0.5,337.5,7,1,500,7000,5
62,The|fisherman|trapped|hundreds|of|sharks|in|their,nets,TRUE,strong CoRT,high cloze,5,no,yes,group,no,past,no,trial,,62,0.82,peele,4,0.8164965809,nets,tire,8,easy,FALSE,right,0.5,112.5,7,1,500,7000,5
63,The|necklaces|were|what|the|thief|intended|to,steal,TRUE,strong non-CoRT,high cloze,5,no,no,object,no,past,no,trial,,63,0.83,peele,2,0.7071067812,steal,wide,8,easy,FALSE,right,0.5,300,7,1,500,7000,5
64,,,,,,,,,,,,,end,# End of Experiment. Thank you for participating!,,,,,,,,,,,,,,,,,,